-- phpMyAdmin SQL Dump
-- version 5.0.2
-- https://www.phpmyadmin.net/
--
-- Host: vergil.u.washington.edu:63050
-- Generation Time: Mar 11, 2021 at 08:57 AM
-- Server version: 5.6.39
-- PHP Version: 7.2.23

SET SQL_MODE = "NO_AUTO_VALUE_ON_ZERO";
START TRANSACTION;
SET time_zone = "+00:00";


/*!40101 SET @OLD_CHARACTER_SET_CLIENT=@@CHARACTER_SET_CLIENT */;
/*!40101 SET @OLD_CHARACTER_SET_RESULTS=@@CHARACTER_SET_RESULTS */;
/*!40101 SET @OLD_COLLATION_CONNECTION=@@COLLATION_CONNECTION */;
/*!40101 SET NAMES utf8mb4 */;

--
-- Database: `Catering`
--
CREATE DATABASE IF NOT EXISTS `Catering` DEFAULT CHARACTER SET latin1 COLLATE latin1_swedish_ci;
USE `Catering`;

-- --------------------------------------------------------

--
-- Table structure for table `Contact`
--

CREATE TABLE IF NOT EXISTS `Contact` (
  `ContactID` int(11) NOT NULL AUTO_INCREMENT,
  `Email` varchar(50) DEFAULT NULL,
  `LocationID` int(11) DEFAULT NULL,
  `NameID` int(11) NOT NULL,
  PRIMARY KEY (`ContactID`),
  KEY `LocationID` (`LocationID`),
  KEY `NameID` (`NameID`)
) ENGINE=MyISAM AUTO_INCREMENT=107 DEFAULT CHARSET=latin1;

--
-- Dumping data for table `Contact`
--

INSERT INTO `Contact` (`ContactID`, `Email`, `LocationID`, `NameID`) VALUES
(1, 'amy.smith@gmail.com', 1, 1),
(2, 'bert.williams@gmail.com', 2, 2),
(3, 'cary.johnson@hotmail.com', 3, 3),
(4, 'david.davis@outlook.com', 4, 4),
(5, 'elliot.miller@gmail.com', 5, 5),
(6, 'fran.jones@outlook.com', 6, 50),
(7, 'grace.allen@hotmail.com', 7, 51),
(8, 'henry.brown@gmail.com', 8, 52),
(9, 'elliot.mac@outlook.com', 9, 53),
(10, 'fran.james@gmail.com', 10, 54),
(11, 'grace.alex@hotmail.com', 11, 55),
(12, 'henry.bruin@outlook.com', 12, 56),
(13, 'ian.green@gmail.com', 13, 57),
(14, 'jake.bryan@hotmail.com', 14, 14),
(15, 'kane.brown@outlook.com', 15, 15),
(16, 'luke.smith@outlook.com', 16, 16),
(17, 'mary.johnson@gmail.com', 17, 17),
(18, 'nico.taylor@outlook.com', 18, 18),
(19, 'oliver.wilson@hotmail.com', 19, 19),
(20, 'peter.anderson@gmail.com', 20, 20),
(21, 'quintin.thomas@outlook.com', 21, 21),
(22, 'robin.moore@outlook.com', 22, 22),
(23, 'stevie.clark@gmail.com', 23, 23),
(24, 'taylor.lewis@hotmail.com', 24, 24),
(25, 'ursula.lee@outlook.com', 25, 25),
(26, 'veronica.jackson@outlook.com', 26, 26),
(27, 'wyatt.walker@gmail.com', 27, 27),
(28, 'xara.king@gmail.com', 28, 28),
(29, 'yessica.wright@outlook.com', 29, 29),
(30, 'zane.smith@hotmail.com', 30, 30),
(31, 'alice.jones@outlook.com', 31, 31),
(32, 'benjamin.allen@gmail.com', 32, 32),
(33, 'colin.scott@gmail.com', 33, 33),
(34, 'dennis.harris@hotmail.com', 34, 34),
(35, 'elijah.clark@gmail.com', 35, 35),
(36, 'fred.thompson@gmail.com', 36, 36),
(37, 'gavin.lee@outlook.com', 37, 37),
(38, 'hank.martin@outlook.com', 38, 38),
(39, 'isan.miller@gmail.com', 39, 39),
(40, 'james.davis@hotmail.com', 40, 40),
(41, 'kate.wilson@outlook.com', 41, 41),
(42, 'larry.anderson@gmail.com', 42, 42),
(43, 'mo.taylor@gmail.com', 43, 43),
(44, 'nate.thomas@gmail.com', 44, 44),
(45, 'oakley.jackson@outlook.com', 45, 45),
(46, 'percy.martin@hotmail.com', 46, 46),
(47, 'quade.jones@gmail.com', 47, 47),
(48, 'ryan.brown@outlook.com', 48, 48),
(49, 'sally.white@hotmail.com', 49, 49),
(50, 'tucker.green@outlook.com', 50, 50),
(51, 'uma.thurman@outlook.com', 51, 51),
(52, 'victor.krumm@gmail.com', 52, 52),
(53, 'wwaldo.potter@outlook.com', 53, 53),
(54, 'xander.thomas@outlook.com', 54, 54),
(55, 'yaro.moore@hotmail.com', 55, 55),
(56, 'zeek.taylor@gmail.com', 56, 56),
(57, 'arthur.martin@gmail.com', 57, 57),
(58, 'martin.chatwin@outlook.com', 58, 58),
(59, 'jane.chatwin@outlook.com', 59, 59),
(60, 'margret.jones@outlook.com', 60, 60),
(61, 'nevill.smith@gmail.com', 61, 61),
(62, 'harry.weasley@gmail.com', 62, 62),
(63, 'aaron.barnes@gmail.com', 63, 63),
(64, 'ben.fisher@gmail.com', 64, 64),
(65, 'calvin.butler@gmail.com', 65, 65),
(66, 'dale.bell@outlook.com', 66, 66),
(67, 'elenore.bell@outlook.com', 67, 67),
(68, 'fay.sullivan@gmail.com', 68, 68),
(69, 'garth.hamilton@outlook.com', 69, 69),
(70, 'howard.alexander@gmail.com', 70, 70),
(71, 'ivan.griffin@outlook.com', 71, 71),
(72, 'jim.cole@outlook.com', 72, 72),
(73, 'kaleb.gibson@gmail.com', 39, 39),
(74, 'larry.smith@gmail.com', 74, 74),
(75, 'mark.jones@outlook.com', 75, 75),
(76, 'neil.green@outlook.com', 76, 76),
(77, 'opal.taylor@outlook.com', 77, 77),
(78, 'pearl.thomas@outlook.com', 78, 78),
(79, 'quincy.owens@gmail.com', 79, 79),
(80, 'ryan.stevens@outlook.com', 80, 80),
(81, 'steve.bryant@outlook.com', 81, 81),
(82, 'todd.foster@gmail.com', 82, 82),
(83, 'greg.james@outlook.com', 83, 83),
(84, 'fiona.wood@outlook.com', 84, 84),
(85, 'lily.watson@gmail.com', 85, 85),
(86, 'susan.russel@outlook.com', 86, 86),
(87, 'andrew.perry@outlook.com', 87, 87),
(88, 'perry.powell@outlook.com', 88, 88),
(89, 'ruth.meyers@gmail.com', 89, 89),
(90, 'nancy.gray@outlook.com', 90, 90),
(91, 'may.kelly@outlook.com', 91, 91),
(92, 'jamie.reed@outlook.com', 92, 92),
(93, 'heather.cooper@gmail.com', 93, 93),
(94, 'abby.reid@outlook.com', 94, 94),
(95, 'bertha.peterson@outlook.com', 95, 95),
(96, 'cali.howard@gmail.com', 96, 96),
(97, 'duke.jones@outlook.com', 97, 97),
(98, 'frank.smith@outlook.com', 98, 98),
(99, 'gemma.baker@gmail.com', 99, 99),
(100, 'harry.phillips@outlook.com', 100, 100),
(101, 'joan.campell@outlook.com', 101, 101),
(102, 'katie.boon@gmail.com', 102, 102),
(103, 'lucy.moore@outlook.com', 103, 103),
(104, 'peter.thomas@outlook.com', 104, 104),
(105, 'fletcher.taylor@outlook.com', 105, 105),
(106, 'gene.martin@gmail.com', 106, 106);

-- --------------------------------------------------------

--
-- Table structure for table `ContactPhone`
--

CREATE TABLE IF NOT EXISTS `ContactPhone` (
  `PhoneID` int(11) NOT NULL AUTO_INCREMENT,
  `PhoneNo` bigint(11) DEFAULT NULL,
  `ContactID` int(11) DEFAULT NULL,
  `PhoneTypeID` int(11) DEFAULT NULL,
  PRIMARY KEY (`PhoneID`),
  KEY `ContactID` (`ContactID`),
  KEY `PhoneTypeID` (`PhoneTypeID`)
) ENGINE=MyISAM AUTO_INCREMENT=107 DEFAULT CHARSET=latin1;

--
-- Dumping data for table `ContactPhone`
--

INSERT INTO `ContactPhone` (`PhoneID`, `PhoneNo`, `ContactID`, `PhoneTypeID`) VALUES
(1, 2063221596, 106, 3),
(2, 2083061548, 105, 3),
(3, 2082313685, 104, 2),
(4, 2065465435, 103, 1),
(5, 2065613253, 102, 3),
(6, 4255643565, 101, 2),
(7, 4254665431, 100, 1),
(8, 2066546216, 99, 2),
(9, 2086546231, 98, 1),
(10, 2086654651, 97, 2),
(11, 2086543216, 96, 1),
(12, 2066542188, 95, 3),
(13, 2060651305, 94, 3),
(14, 4255032510, 93, 3),
(15, 4256514036, 92, 3),
(16, 2062305684, 91, 3),
(17, 2086540126, 90, 3),
(18, 2086546513, 89, 3),
(19, 2080325050, 88, 3),
(20, 2060323603, 87, 3),
(21, 2066509502, 86, 3),
(22, 4259502605, 85, 2),
(23, 4255490695, 84, 2),
(24, 2065409856, 83, 2),
(25, 2089850990, 82, 2),
(26, 2086505666, 81, 2),
(27, 2080259990, 80, 1),
(28, 2060265609, 79, 1),
(29, 2066540950, 78, 1),
(30, 4259650940, 77, 1),
(31, 4256504966, 76, 1),
(32, 2069540998, 75, 1),
(33, 2086250691, 74, 2),
(34, 2086519166, 73, 3),
(35, 2089814561, 72, 2),
(36, 2069819810, 71, 1),
(37, 2065409869, 70, 3),
(38, 4252606414, 69, 2),
(39, 4256025900, 68, 1),
(40, 2066549096, 67, 2),
(41, 2086510978, 66, 3),
(42, 2085496043, 65, 2),
(43, 2086540964, 64, 1),
(44, 2066540451, 63, 3),
(45, 2065466540, 62, 3),
(46, 4256506506, 61, 3),
(47, 4255640859, 60, 3),
(48, 2066510654, 59, 3),
(49, 2085641065, 58, 3),
(50, 2085640654, 57, 3),
(51, 2086450465, 56, 3),
(52, 2064560465, 55, 3),
(53, 2066450465, 54, 2),
(54, 4256504564, 53, 2),
(55, 4256540658, 52, 2),
(56, 2066450654, 51, 2),
(57, 2085606406, 50, 2),
(58, 2084065456, 49, 2),
(59, 2086054560, 48, 2),
(60, 2066504654, 47, 2),
(61, 2066546554, 46, 3),
(62, 4259871295, 45, 3),
(63, 4252514623, 44, 3),
(64, 2063468989, 43, 3),
(65, 2081345458, 42, 2),
(66, 2082367969, 41, 2),
(67, 2087956805, 40, 2),
(68, 2069780547, 39, 3),
(69, 2064250780, 38, 3),
(70, 4258365756, 37, 2),
(71, 4257956356, 36, 3),
(72, 2065679569, 35, 2),
(73, 2088679569, 34, 3),
(74, 2082367483, 33, 2),
(75, 2085456856, 32, 3),
(76, 2066232574, 31, 2),
(77, 2062452484, 30, 3),
(78, 4257967795, 29, 2),
(79, 4255652362, 28, 3),
(80, 2068595789, 27, 2),
(81, 2083451316, 26, 3),
(82, 2083415432, 25, 2),
(83, 2086594679, 24, 3),
(84, 2063523462, 23, 3),
(85, 2066859875, 22, 2),
(86, 4252361346, 21, 3),
(87, 4254794678, 20, 3),
(88, 2064253425, 19, 2),
(89, 2088692345, 18, 2),
(90, 2084587897, 17, 2),
(91, 2087076707, 16, 3),
(92, 206124362, 15, 3),
(93, 2062366856, 14, 3),
(94, 4253453613, 13, 3),
(95, 4257895889, 12, 3),
(96, 2061234123, 11, 3),
(97, 2086785685, 10, 2),
(98, 2082465745, 9, 3),
(99, 2084123421, 8, 2),
(100, 2069810239, 7, 3),
(101, 2064458324, 6, 2),
(102, 4255326455, 5, 3),
(103, 4256788957, 4, 2),
(104, 2062543113, 3, 3),
(105, 2088786578, 2, 2),
(106, 2087345634, 1, 3);

-- --------------------------------------------------------

--
-- Table structure for table `Contract`
--

CREATE TABLE IF NOT EXISTS `Contract` (
  `ContractID` int(11) NOT NULL AUTO_INCREMENT,
  `CustomerNo` int(11) NOT NULL,
  `FinalDate` datetime DEFAULT NULL,
  `FinalCount` int(11) DEFAULT NULL,
  `SpecialInstructions` varchar(124) DEFAULT NULL,
  `ToTime` time DEFAULT NULL,
  `FromTime` time DEFAULT NULL,
  `EventID` int(11) NOT NULL,
  PRIMARY KEY (`ContractID`),
  KEY `CustomerNo` (`CustomerNo`),
  KEY `EventID` (`EventID`)
) ENGINE=MyISAM AUTO_INCREMENT=125 DEFAULT CHARSET=latin1;

--
-- Dumping data for table `Contract`
--

INSERT INTO `Contract` (`ContractID`, `CustomerNo`, `FinalDate`, `FinalCount`, `SpecialInstructions`, `ToTime`, `FromTime`, `EventID`) VALUES
(1, 100, '2021-03-11 00:00:00', 100, NULL, '13:00:00', '24:00:00', 1),
(2, 101, '2021-07-22 00:00:00', 100, NULL, '14:00:00', '23:00:00', 2),
(3, 102, '2021-08-31 00:00:00', 50, NULL, '15:00:00', '24:00:00', 3),
(4, 103, '0000-00-00 00:00:00', 16, NULL, '13:00:00', '23:00:00', 4),
(5, 104, '2011-04-29 00:00:00', 50, NULL, '13:00:00', '24:00:00', 5),
(6, 105, '2011-08-15 00:00:00', 110, NULL, '14:00:00', '23:00:00', 6),
(7, 106, '2017-05-13 00:00:00', 100, NULL, '15:00:00', '22:00:00', 7),
(8, 107, '2017-06-13 00:00:00', 100, NULL, '13:00:00', '23:00:00', 8),
(9, 108, '2017-07-13 00:00:00', 100, NULL, '14:00:00', '23:00:00', 9),
(10, 109, '2009-02-20 00:00:00', 100, NULL, '13:00:00', '24:00:00', 10),
(11, 110, '2009-04-14 00:00:00', 50, NULL, '14:00:00', '23:00:00', 11),
(12, 111, '2009-06-16 00:00:00', 150, NULL, '15:00:00', '23:00:00', 12),
(13, 112, '2011-01-12 00:00:00', 25, NULL, '16:00:00', '24:00:00', 13),
(14, 113, '2014-02-14 00:00:00', 25, NULL, '17:00:00', '23:00:00', 14),
(15, 114, '2015-03-15 00:00:00', 30, NULL, '18:00:00', '24:00:00', 15),
(16, 115, '2006-04-16 00:00:00', 100, NULL, '16:00:00', '24:00:00', 16),
(17, 116, '2007-05-17 00:00:00', 50, NULL, '16:00:00', '24:00:00', 17),
(18, 127, '2016-03-31 00:00:00', 50, NULL, '14:00:00', '22:00:00', 28),
(19, 128, '2016-06-29 00:00:00', 50, NULL, '13:00:00', '23:00:00', 29),
(20, 129, '2016-10-31 00:00:00', 100, NULL, '15:00:00', '23:00:00', 30),
(21, 130, '2007-10-16 00:00:00', 30, NULL, '13:00:00', '23:00:00', 31),
(22, 131, '2007-11-15 00:00:00', 25, NULL, '14:00:00', '22:00:00', 32),
(23, 132, '2007-12-14 00:00:00', 25, NULL, '15:00:00', '22:00:00', 33),
(24, 133, '2021-05-27 00:00:00', 50, NULL, '16:00:00', '22:00:00', 34),
(25, 134, '2021-06-26 00:00:00', 50, NULL, '14:00:00', '22:00:00', 35),
(26, 135, '2021-07-28 00:00:00', 50, NULL, '17:00:00', '24:00:00', 36),
(27, 136, '2004-08-21 00:00:00', 100, NULL, '13:00:00', '22:00:00', 37),
(28, 137, '2015-07-24 00:00:00', 100, NULL, '14:00:00', '22:00:00', 38),
(29, 138, '2016-06-25 00:00:00', 100, NULL, '15:00:00', '22:00:00', 0),
(30, 139, '2017-05-26 00:00:00', 100, NULL, '16:00:00', '22:00:00', 40),
(31, 140, '2008-03-27 00:00:00', 99, NULL, '17:00:00', '22:00:00', 41),
(32, 141, '2009-02-28 00:00:00', 75, NULL, '18:00:00', '22:00:00', 42),
(33, 142, '2001-01-31 00:00:00', 30, NULL, '16:00:00', '22:00:00', 43),
(34, 143, '2001-10-12 00:00:00', 25, NULL, '13:00:00', '22:00:00', 44),
(35, 144, '2012-11-11 00:00:00', 50, NULL, '14:00:00', '22:00:00', 45),
(36, 145, '2001-06-14 00:00:00', 30, NULL, '15:00:00', '22:00:00', 46),
(37, 146, '2007-05-15 00:00:00', 40, NULL, '17:00:00', '22:00:00', 47),
(38, 147, '2015-01-16 00:00:00', 25, NULL, '16:00:00', '22:00:00', 48),
(39, 148, '2009-03-14 00:00:00', 10, NULL, '14:00:00', '22:00:00', 49),
(40, 149, '2001-07-20 00:00:00', 50, NULL, '15:00:00', '23:00:00', 50),
(41, 150, '2008-08-21 00:00:00', 25, NULL, '14:00:00', '22:00:00', 51),
(42, 151, '2014-09-22 00:00:00', 25, NULL, '18:00:00', '23:00:00', 52),
(43, 152, '2005-10-23 00:00:00', 50, NULL, '16:00:00', '22:00:00', 53),
(44, 153, '2010-11-24 00:00:00', 50, NULL, '14:00:00', '23:00:00', 54),
(45, 154, '2013-12-25 00:00:00', 50, NULL, '15:00:00', '22:00:00', 55),
(46, 155, '2018-01-29 00:00:00', 100, NULL, '14:00:00', '22:00:00', 56),
(47, 156, '2006-02-26 00:00:00', 100, NULL, '14:00:00', '22:00:00', 57),
(48, 157, '2014-04-23 00:00:00', 25, NULL, '17:00:00', '22:00:00', 58),
(49, 158, '2005-06-20 00:00:00', 30, NULL, '18:00:00', '23:00:00', 59),
(50, 159, '2013-12-27 00:00:00', 25, NULL, '15:00:00', '23:00:00', 60),
(51, 160, '2002-11-25 00:00:00', 100, NULL, '14:00:00', '02:00:00', 61),
(52, 161, '2011-01-26 00:00:00', 40, NULL, '16:00:00', '23:00:00', 62),
(53, 162, '2010-11-25 00:00:00', 150, NULL, '14:00:00', '23:00:00', 63),
(54, 163, '2019-10-24 00:00:00', 75, NULL, '15:00:00', '22:00:00', 64),
(55, 164, '2018-09-23 00:00:00', 75, NULL, '13:00:00', '23:00:00', 65),
(56, 165, '2017-08-22 00:00:00', 100, NULL, '14:00:00', '11:00:00', 66),
(57, 166, '2016-07-21 00:00:00', 50, NULL, '15:00:00', '23:00:00', 67),
(58, 167, '2005-06-20 00:00:00', 50, NULL, '16:00:00', '22:00:00', 68),
(59, 168, '2004-05-19 00:00:00', 10, NULL, '17:00:00', '23:00:00', 69),
(60, 169, '2003-04-18 00:00:00', 10, NULL, '18:00:00', '22:00:00', 70),
(61, 170, '2002-03-17 00:00:00', 25, NULL, '16:00:00', '23:00:00', 71),
(62, 171, '2001-02-16 00:00:00', 10, NULL, '17:00:00', '22:00:00', 72),
(63, 180, '2002-10-04 00:00:00', 50, NULL, '17:00:00', '22:00:00', 81),
(64, 181, '2016-11-05 00:00:00', 25, NULL, '18:00:00', '22:00:00', 82),
(65, 182, '2004-12-06 00:00:00', 30, NULL, '19:00:00', '23:00:00', 83),
(66, 183, '2015-01-13 00:00:00', 25, NULL, '14:00:00', '23:00:00', 84),
(67, 184, '2001-02-14 00:00:00', 30, NULL, '15:00:00', '23:00:00', 85),
(68, 185, '2012-03-15 00:00:00', 10, NULL, '17:00:00', '23:00:00', 86),
(69, 186, '2006-04-14 00:00:00', 25, NULL, '18:00:00', '23:00:00', 87),
(70, 187, '2003-05-16 00:00:00', 100, NULL, '16:00:00', '22:00:00', 88),
(71, 188, '2018-06-18 00:00:00', 25, NULL, '19:00:00', '22:00:00', 89),
(72, 189, '2004-08-15 00:00:00', 100, NULL, '20:00:00', '22:00:00', 90),
(73, 190, '2008-09-10 00:00:00', 60, NULL, '16:00:00', '22:00:00', 91),
(74, 191, '2019-12-02 00:00:00', 150, NULL, '14:00:00', '22:00:00', 92),
(75, 192, '2008-10-01 00:00:00', 100, NULL, '15:00:00', '23:00:00', 93),
(76, 193, '2016-11-03 00:00:00', 25, NULL, '13:00:00', '22:00:00', 94),
(77, 194, '2007-12-04 00:00:00', 30, NULL, '17:00:00', '23:00:00', 95),
(78, 195, '2015-10-05 00:00:00', 40, NULL, '14:00:00', '22:00:00', 96),
(79, 196, '2004-11-06 00:00:00', 10, NULL, '18:00:00', '22:00:00', 97),
(80, 197, '2014-02-01 00:00:00', 50, NULL, '14:00:00', '23:00:00', 98),
(81, 198, '2002-03-02 00:00:00', 50, NULL, '13:00:00', '23:00:00', 99),
(82, 199, '2011-01-03 00:00:00', 50, NULL, '15:00:00', '23:00:00', 100),
(83, 200, '2015-04-05 00:00:00', 50, NULL, '16:00:00', '23:00:00', 101),
(84, 201, '2004-06-09 00:00:00', 50, NULL, '13:00:00', '23:00:00', 102),
(85, 202, '2015-04-04 00:00:00', 50, NULL, '14:00:00', '22:00:00', 103),
(86, 203, '2006-02-18 00:00:00', 100, NULL, '13:00:00', '23:00:00', 104),
(87, 204, '2017-08-15 00:00:00', 50, NULL, '14:00:00', '24:00:00', 105),
(88, 205, '2008-09-16 00:00:00', 50, NULL, '13:00:00', '24:00:00', 106),
(89, 206, '2018-06-13 00:00:00', 50, NULL, '14:00:00', '23:00:00', 107),
(90, 207, '2013-04-13 00:00:00', 100, NULL, '14:00:00', '21:00:00', 108),
(91, 208, '2012-06-14 00:00:00', 50, NULL, '14:00:00', '23:00:00', 109),
(92, 209, '2012-05-15 00:00:00', 50, NULL, '14:00:00', '22:00:00', 110),
(93, 210, '2012-02-10 00:00:00', 100, NULL, '14:00:00', '23:00:00', 111),
(94, 211, '2009-04-18 00:00:00', 100, NULL, '15:00:00', '23:00:00', 112),
(95, 212, '2010-05-16 00:00:00', 10, NULL, '15:00:00', '22:00:00', 113),
(96, 213, '2010-06-15 00:00:00', 100, NULL, '14:00:00', '23:00:00', 114),
(97, 214, '2010-07-14 00:00:00', 10, NULL, '17:00:00', '22:00:00', 115),
(98, 215, '2010-08-13 00:00:00', 100, NULL, '17:00:00', '22:00:00', 116),
(99, 216, '2010-09-11 00:00:00', 50, NULL, '15:00:00', '22:00:00', 117),
(100, 217, '2011-10-12 00:00:00', 50, NULL, '14:00:00', '23:00:00', 118),
(101, 218, '2019-12-15 00:00:00', 50, NULL, '13:00:00', '22:00:00', 119),
(102, 219, '2011-01-16 00:00:00', 50, NULL, '14:00:00', '23:00:00', 120),
(103, 220, '2011-05-17 00:00:00', 50, NULL, '15:00:00', '22:00:00', 121),
(104, 221, '2011-09-12 00:00:00', 100, NULL, '13:00:00', '23:00:00', 122),
(105, 222, '2010-03-26 00:00:00', 25, NULL, '14:00:00', '23:00:00', 123),
(106, 223, '2003-01-19 00:00:00', 25, NULL, '15:00:00', '23:00:00', 124),
(107, 117, '2008-06-18 00:00:00', 100, 'Extra toilet paper', '16:00:00', '23:00:00', 18),
(108, 118, '2019-07-19 00:00:00', 10, 'Extra towels and toilet paper', '16:00:00', '24:00:00', 19),
(109, 119, '2006-06-30 00:00:00', 50, 'Extra towels and toilet paper', '14:00:00', '22:00:00', 20),
(110, 120, '2006-07-31 00:00:00', 50, 'Extra toilet paper', '13:00:00', '22:00:00', 21),
(111, 121, '2006-08-31 00:00:00', 100, 'Extra towels and toilet paper', '15:00:00', '22:00:00', 22),
(112, 122, '2007-12-12 00:00:00', 25, 'Extra towels and toilet paper', '13:00:00', '22:00:00', 23),
(113, 123, '2007-10-31 00:00:00', 30, 'Extra toilet paper', '14:00:00', '22:00:00', 24),
(114, 124, '2009-01-17 00:00:00', 50, 'Extra toilet paper', '15:00:00', '23:00:00', 25),
(115, 125, '2009-03-18 00:00:00', 100, 'Extra towels and toilet paper', '17:00:00', '23:00:00', 26),
(116, 126, '2009-04-19 00:00:00', 100, 'Extra towels and toilet paper', '14:00:00', '23:00:00', 27),
(117, 172, '0201-02-06 00:00:00', 50, 'Extra towels and toilet paper', '14:00:00', '22:00:00', 73),
(118, 173, '2009-03-05 00:00:00', 50, 'Extra towels and toilet paper', '15:00:00', '23:00:00', 74),
(119, 174, '2005-04-03 00:00:00', 50, 'Extra towels and toilet paper', '13:00:00', '22:00:00', 75),
(120, 175, '2010-05-01 00:00:00', 50, 'Extra towels and toilet paper', '14:00:00', '23:00:00', 76),
(121, 176, '2003-06-02 00:00:00', 50, 'Extra towels', '13:00:00', '22:00:00', 77),
(122, 177, '2005-12-01 00:00:00', 100, 'Extra towels', '14:00:00', '23:00:00', 78),
(123, 178, '2011-11-02 00:00:00', 100, 'Extra towels', '15:00:00', '22:00:00', 79),
(124, 179, '2004-12-03 00:00:00', 100, 'Extra towels', '16:00:00', '23:00:00', 80);

-- --------------------------------------------------------

--
-- Table structure for table `ContractItem`
--

CREATE TABLE IF NOT EXISTS `ContractItem` (
  `ContractID` int(11) NOT NULL,
  `ItemID` int(11) NOT NULL,
  `ServingNo` int(11) DEFAULT NULL,
  `SpecialInstructions` varchar(124) DEFAULT NULL,
  `ProviderID` int(11) NOT NULL,
  PRIMARY KEY (`ContractID`,`ItemID`),
  KEY `ProviderID` (`ProviderID`)
) ENGINE=MyISAM DEFAULT CHARSET=latin1;

--
-- Dumping data for table `ContractItem`
--

INSERT INTO `ContractItem` (`ContractID`, `ItemID`, `ServingNo`, `SpecialInstructions`, `ProviderID`) VALUES
(20, 1, 100, NULL, 1),
(20, 6, 100, NULL, 1),
(20, 23, 50, NULL, 1),
(20, 27, 50, NULL, 1),
(20, 35, 100, NULL, 1),
(20, 42, 100, NULL, 1),
(20, 72, 300, NULL, 1),
(20, 73, 50, NULL, 1),
(20, 75, 500, NULL, 1),
(20, 76, 500, NULL, 1),
(20, 77, 500, NULL, 1),
(21, 19, 21, NULL, 1),
(21, 21, 62, NULL, 1),
(21, 27, 3, NULL, 1),
(21, 41, 15, NULL, 1),
(21, 48, 53, NULL, 1),
(21, 58, 25, NULL, 1),
(21, 60, 41, NULL, 1),
(21, 68, 61, NULL, 1),
(21, 75, 85, NULL, 1),
(21, 76, 24, NULL, 1),
(22, 3, 14, NULL, 1),
(22, 4, 26, NULL, 1),
(22, 27, 55, NULL, 1),
(22, 37, 37, NULL, 1),
(22, 45, 19, NULL, 1),
(22, 48, 42, NULL, 1),
(22, 60, 65, NULL, 1),
(22, 68, 23, NULL, 1),
(22, 72, 11, NULL, 1),
(22, 73, 32, NULL, 1),
(23, 1, 21, NULL, 1),
(23, 23, 42, NULL, 1),
(23, 35, 24, NULL, 1),
(23, 41, 15, NULL, 1),
(23, 47, 51, NULL, 1),
(23, 59, 33, NULL, 1),
(23, 62, 24, NULL, 1),
(23, 72, 55, NULL, 1),
(23, 73, 62, NULL, 1),
(24, 15, 11, NULL, 1),
(24, 79, 25, NULL, 1),
(24, 64, 42, NULL, 1),
(24, 72, 31, NULL, 1),
(24, 61, 10, NULL, 1),
(25, 19, 54, NULL, 1),
(25, 31, 45, NULL, 1),
(25, 36, 23, NULL, 1),
(25, 46, 62, NULL, 1),
(25, 47, 11, NULL, 1),
(25, 58, 20, NULL, 1),
(25, 70, 33, NULL, 1),
(26, 4, 41, NULL, 1),
(26, 79, 55, NULL, 1),
(26, 72, 12, NULL, 1),
(26, 73, 62, NULL, 1),
(27, 14, 64, NULL, 1),
(27, 80, 26, NULL, 1),
(27, 63, 44, NULL, 1),
(27, 72, 35, NULL, 1),
(27, 73, 11, NULL, 1),
(27, 57, 22, NULL, 1),
(28, 10, 32, NULL, 1),
(28, 26, 1, NULL, 1),
(28, 63, 51, NULL, 1),
(28, 72, 43, NULL, 1),
(28, 73, 62, NULL, 1),
(29, 3, 42, NULL, 1),
(29, 23, 21, NULL, 1),
(29, 40, 13, NULL, 1),
(30, 25, 55, NULL, 1),
(30, 35, 42, NULL, 1),
(30, 57, 61, NULL, 1),
(30, 63, 23, NULL, 1),
(31, 15, 25, NULL, 1),
(31, 81, 64, NULL, 1),
(31, 56, 53, NULL, 1),
(31, 58, 42, NULL, 1),
(57, 4, 136, NULL, 1),
(57, 25, 58, NULL, 1),
(57, 57, 64, NULL, 1),
(57, 73, 16, NULL, 1),
(57, 49, 42, NULL, 1),
(57, 38, 35, NULL, 1),
(57, 65, 21, NULL, 1),
(57, 76, 50, NULL, 1),
(58, 5, 13, NULL, 1),
(58, 26, 12, NULL, 1),
(58, 57, 16, NULL, 1),
(58, 73, 15, NULL, 1),
(58, 50, 14, NULL, 1),
(58, 39, 12, NULL, 1),
(58, 66, 10, NULL, 1),
(58, 75, 11, NULL, 1),
(58, 59, 16, NULL, 1),
(59, 6, 23, NULL, 1),
(59, 40, 26, NULL, 1),
(59, 67, 21, NULL, 1),
(59, 75, 22, NULL, 1),
(59, 76, 25, NULL, 1),
(60, 7, 28, NULL, 1),
(60, 28, 50, NULL, 1),
(60, 57, 34, NULL, 1),
(60, 52, 25, NULL, 1),
(60, 40, 11, NULL, 1),
(60, 68, 57, NULL, 1),
(60, 76, 63, NULL, 1),
(60, 75, 20, NULL, 1),
(60, 60, 11, NULL, 1),
(60, 56, 38, NULL, 1),
(61, 8, 26, NULL, 1),
(61, 29, 25, NULL, 1),
(61, 57, 53, NULL, 1),
(61, 53, 46, NULL, 1),
(61, 37, 18, NULL, 1),
(61, 69, 64, NULL, 1),
(61, 56, 22, NULL, 1),
(61, 75, 31, NULL, 1),
(62, 57, 13, NULL, 1),
(62, 54, 28, NULL, 1),
(62, 35, 62, NULL, 1),
(62, 70, 46, NULL, 1),
(63, 10, 15, NULL, 1),
(63, 31, 15, NULL, 1),
(63, 57, 15, NULL, 1),
(63, 38, 15, NULL, 1),
(63, 71, 15, NULL, 1),
(63, 56, 15, NULL, 1),
(63, 58, 15, NULL, 1),
(63, 75, 15, NULL, 1),
(63, 76, 15, NULL, 1),
(64, 11, 11, NULL, 1),
(64, 32, 11, NULL, 1),
(64, 57, 11, NULL, 1),
(64, 39, 11, NULL, 1),
(64, 71, 11, NULL, 1),
(64, 77, 11, NULL, 1),
(64, 59, 11, NULL, 1),
(64, 60, 11, NULL, 1),
(64, 61, 11, NULL, 1),
(65, 12, 16, NULL, 1),
(65, 33, 16, NULL, 1),
(65, 57, 16, NULL, 1),
(65, 37, 16, NULL, 1),
(65, 62, 16, NULL, 1),
(65, 77, 16, NULL, 1),
(65, 56, 16, NULL, 1),
(65, 58, 16, NULL, 1),
(65, 59, 16, NULL, 1),
(65, 60, 16, NULL, 1),
(66, 13, 19, NULL, 1),
(66, 34, 19, NULL, 1),
(66, 57, 19, NULL, 1),
(66, 40, 19, NULL, 1),
(66, 63, 19, NULL, 1),
(66, 61, 19, NULL, 1),
(66, 60, 19, NULL, 1),
(66, 59, 19, NULL, 1),
(66, 58, 19, NULL, 1),
(66, 56, 19, NULL, 1),
(67, 14, 100, NULL, 1),
(67, 34, 100, NULL, 1),
(67, 57, 100, NULL, 1),
(67, 36, 100, NULL, 1),
(67, 64, 100, NULL, 1),
(67, 56, 100, NULL, 1),
(67, 77, 100, NULL, 1),
(67, 59, 100, NULL, 1),
(68, 15, 200, NULL, 1),
(68, 33, 200, NULL, 1),
(68, 57, 200, NULL, 1),
(68, 35, 200, NULL, 1),
(68, 65, 200, NULL, 1),
(68, 58, 200, NULL, 1),
(68, 77, 200, NULL, 1),
(69, 16, 300, NULL, 1),
(69, 32, 300, NULL, 1),
(69, 57, 300, NULL, 1),
(69, 55, 300, NULL, 1),
(69, 37, 300, NULL, 1),
(69, 66, 300, NULL, 1),
(69, 56, 300, NULL, 1),
(69, 58, 300, NULL, 1),
(69, 59, 300, NULL, 1),
(69, 60, 300, NULL, 1),
(69, 61, 300, NULL, 1),
(70, 17, 150, NULL, 1),
(70, 31, 150, NULL, 1),
(70, 57, 150, NULL, 1),
(70, 39, 150, NULL, 1),
(70, 67, 150, NULL, 1),
(70, 61, 150, NULL, 1),
(70, 60, 150, NULL, 1),
(70, 59, 150, NULL, 1),
(70, 58, 150, NULL, 1),
(71, 18, 75, NULL, 1),
(71, 30, 75, NULL, 1),
(71, 57, 75, NULL, 1),
(71, 35, 75, NULL, 1),
(71, 68, 75, NULL, 1),
(71, 58, 75, NULL, 1),
(71, 59, 75, NULL, 1),
(71, 60, 75, NULL, 1),
(71, 61, 75, NULL, 1),
(72, 19, 50, NULL, 1),
(72, 29, 50, NULL, 1),
(72, 57, 50, NULL, 1),
(72, 47, 50, NULL, 1),
(72, 36, 50, NULL, 1),
(72, 69, 50, NULL, 1),
(72, 56, 50, NULL, 1),
(72, 59, 50, NULL, 1),
(72, 60, 50, NULL, 1),
(72, 61, 50, NULL, 1),
(72, 75, 50, NULL, 1),
(73, 20, 30, NULL, 1),
(73, 28, 30, NULL, 1),
(73, 57, 30, NULL, 1),
(73, 48, 30, NULL, 1),
(73, 37, 30, NULL, 1),
(73, 70, 30, NULL, 1),
(73, 75, 30, NULL, 1),
(73, 76, 30, NULL, 1),
(74, 21, 40, NULL, 1),
(74, 27, 40, NULL, 1),
(74, 57, 40, NULL, 1),
(74, 49, 40, NULL, 1),
(74, 38, 40, NULL, 1),
(74, 71, 40, NULL, 1),
(74, 56, 40, NULL, 1),
(74, 58, 40, NULL, 1),
(74, 75, 40, NULL, 1),
(75, 1, 25, NULL, 1),
(75, 2, 25, NULL, 1),
(75, 26, 25, NULL, 1),
(75, 57, 25, NULL, 1),
(75, 50, 25, NULL, 1),
(75, 39, 25, NULL, 1),
(75, 70, 25, NULL, 1),
(75, 75, 25, NULL, 1),
(75, 76, 25, NULL, 1),
(75, 77, 25, NULL, 1),
(76, 3, 25, NULL, 1),
(76, 4, 25, NULL, 1),
(76, 25, 25, NULL, 1),
(76, 24, 25, NULL, 1),
(76, 57, 24, NULL, 1),
(76, 51, 25, NULL, 1),
(76, 40, 25, NULL, 1),
(76, 69, 25, NULL, 1),
(76, 75, 25, NULL, 1),
(77, 5, 100, NULL, 1),
(77, 6, 100, NULL, 1),
(77, 23, 50, NULL, 1),
(77, 22, 50, NULL, 1),
(77, 57, 200, NULL, 1),
(77, 52, 50, NULL, 3),
(77, 39, 50, NULL, 3),
(77, 68, 100, NULL, 3),
(77, 76, 100, NULL, 1),
(77, 77, 100, NULL, 1),
(78, 8, 100, NULL, 1),
(78, 22, 50, NULL, 1),
(78, 57, 200, NULL, 1),
(78, 53, 50, NULL, 1),
(78, 38, 50, NULL, 1),
(78, 67, 100, NULL, 1),
(78, 75, 50, NULL, 1),
(78, 76, 50, NULL, 1),
(78, 77, 50, NULL, 1),
(79, 9, 100, NULL, 1),
(79, 10, 100, NULL, 1),
(79, 20, 100, NULL, 1),
(79, 23, 100, NULL, 1),
(79, 24, 50, NULL, 1),
(79, 57, 50, NULL, 1),
(79, 66, 100, NULL, 1),
(79, 75, 100, NULL, 1),
(79, 76, 100, NULL, 1),
(80, 11, 100, NULL, 1),
(80, 12, 100, NULL, 1),
(80, 25, 100, NULL, 1),
(80, 57, 100, NULL, 1),
(80, 65, 100, NULL, 1),
(80, 56, 100, NULL, 1),
(80, 58, 100, NULL, 1),
(80, 59, 100, NULL, 1),
(80, 60, 100, NULL, 1),
(81, 57, 50, NULL, 1),
(81, 64, 20, NULL, 1),
(81, 56, 50, NULL, 1),
(81, 58, 50, NULL, 1),
(81, 59, 50, NULL, 1),
(81, 60, 50, NULL, 1),
(82, 15, 30, NULL, 1),
(82, 16, 30, NULL, 1),
(82, 27, 15, NULL, 1),
(82, 57, 60, NULL, 1),
(82, 63, 30, NULL, 1),
(82, 78, 20, NULL, 1),
(82, 56, 30, NULL, 1),
(82, 58, 30, NULL, 1),
(82, 59, 30, NULL, 1),
(82, 60, 30, NULL, 1),
(83, 17, 30, NULL, 1),
(83, 18, 30, NULL, 1),
(83, 28, 15, NULL, 1),
(83, 57, 60, NULL, 1),
(83, 62, 15, NULL, 1),
(83, 79, 10, NULL, 1),
(83, 56, 30, NULL, 1),
(83, 58, 30, NULL, 1),
(83, 59, 30, NULL, 1),
(83, 60, 30, NULL, 1),
(84, 19, 30, NULL, 1),
(84, 20, 30, NULL, 1),
(84, 29, 10, NULL, 1),
(84, 57, 50, NULL, 1),
(84, 62, 30, NULL, 1),
(84, 80, 20, NULL, 1),
(84, 56, 20, NULL, 1),
(84, 58, 20, NULL, 1),
(84, 59, 20, NULL, 1),
(84, 60, 20, NULL, 1),
(85, 21, 50, NULL, 1),
(85, 1, 50, NULL, 1),
(85, 30, 25, NULL, 1),
(85, 57, 100, NULL, 1),
(85, 71, 50, NULL, 1),
(85, 81, 50, NULL, 1),
(85, 56, 50, NULL, 1),
(85, 58, 50, NULL, 1),
(85, 59, 50, NULL, 1),
(86, 21, 50, NULL, 1),
(86, 3, 50, NULL, 1),
(86, 31, 25, NULL, 1),
(86, 57, 100, NULL, 1),
(86, 41, 50, NULL, 1),
(86, 72, 50, NULL, 1),
(86, 82, 25, NULL, 1),
(86, 56, 50, NULL, 1),
(86, 58, 50, NULL, 1),
(86, 59, 50, NULL, 1),
(87, 5, 100, NULL, 1),
(87, 9, 100, NULL, 1),
(87, 32, 25, NULL, 1),
(87, 57, 200, NULL, 1),
(87, 42, 50, NULL, 1),
(87, 83, 25, NULL, 1),
(87, 56, 100, NULL, 1),
(87, 58, 100, NULL, 1),
(87, 59, 100, NULL, 1),
(87, 60, 100, NULL, 1),
(88, 10, 100, NULL, 1),
(88, 3, 100, NULL, 1),
(88, 33, 25, NULL, 1),
(88, 57, 200, NULL, 1),
(88, 54, 50, NULL, 1),
(88, 43, 25, NULL, 1),
(88, 75, 50, NULL, 1),
(88, 76, 50, NULL, 1),
(88, 77, 50, NULL, 1),
(89, 1, 100, NULL, 1),
(89, 5, 100, NULL, 1),
(89, 34, 50, NULL, 1),
(89, 57, 200, NULL, 1),
(89, 44, 50, NULL, 1),
(89, 76, 100, NULL, 1),
(89, 75, 100, NULL, 1),
(90, 6, 200, NULL, 1),
(90, 12, 200, NULL, 1),
(90, 22, 100, NULL, 1),
(90, 57, 300, NULL, 1),
(90, 44, 200, NULL, 1),
(90, 75, 500, NULL, 1),
(90, 76, 500, NULL, 1),
(90, 77, 500, NULL, 1),
(91, 14, 200, NULL, 1),
(91, 11, 200, NULL, 1),
(91, 23, 100, NULL, 1),
(91, 57, 300, NULL, 1),
(91, 45, 100, NULL, 1),
(91, 75, 300, NULL, 1),
(91, 76, 300, NULL, 1),
(91, 77, 300, NULL, 1),
(92, 17, 20, NULL, 1),
(92, 12, 20, NULL, 1),
(92, 24, 10, NULL, 1),
(92, 57, 50, NULL, 1),
(92, 46, 20, NULL, 1),
(93, 20, 50, NULL, 1),
(93, 2, 50, NULL, 1),
(93, 25, 25, NULL, 1),
(93, 57, 60, NULL, 1),
(93, 40, 50, NULL, 1),
(93, 78, 25, NULL, 1),
(93, 75, 100, NULL, 1),
(93, 76, 100, NULL, 1),
(93, 77, 100, NULL, 1),
(94, 16, 10, NULL, 1),
(94, 6, 10, NULL, 1),
(94, 27, 10, NULL, 1),
(94, 57, 10, NULL, 1),
(94, 55, 10, NULL, 1),
(94, 41, 10, NULL, 1),
(94, 79, 10, NULL, 1),
(94, 76, 10, NULL, 1),
(94, 77, 10, NULL, 1),
(95, 14, 20, NULL, 1),
(95, 19, 20, NULL, 1),
(95, 34, 20, NULL, 1),
(95, 57, 20, NULL, 1),
(95, 42, 20, NULL, 1),
(95, 80, 20, NULL, 1),
(95, 75, 20, NULL, 1),
(95, 76, 20, NULL, 1),
(95, 77, 20, NULL, 1),
(96, 20, 30, NULL, 1),
(96, 6, 30, NULL, 1),
(96, 33, 30, NULL, 1),
(96, 57, 30, NULL, 1),
(96, 43, 30, NULL, 1),
(96, 81, 33, NULL, 1),
(96, 75, 30, NULL, 1),
(96, 76, 30, NULL, 1),
(97, 4, 41, NULL, 1),
(97, 9, 42, NULL, 1),
(97, 32, 30, NULL, 1),
(97, 57, 100, NULL, 1),
(97, 47, 30, NULL, 1),
(97, 44, 30, NULL, 1),
(97, 82, 30, NULL, 1),
(97, 75, 50, NULL, 1),
(97, 76, 50, NULL, 1),
(97, 77, 50, NULL, 1),
(98, 1, 10, NULL, 1),
(98, 31, 5, NULL, 1),
(98, 57, 50, NULL, 1),
(98, 45, 20, NULL, 1),
(98, 83, 20, NULL, 1),
(98, 75, 50, NULL, 1),
(98, 76, 50, NULL, 1),
(99, 2, 10, NULL, 1),
(99, 30, 10, NULL, 1),
(99, 57, 10, NULL, 1),
(99, 48, 10, NULL, 1),
(99, 46, 10, NULL, 1),
(99, 83, 10, NULL, 1),
(99, 75, 20, NULL, 1),
(99, 76, 20, NULL, 1),
(99, 77, 20, NULL, 1),
(100, 3, 50, NULL, 1),
(100, 29, 50, NULL, 1),
(100, 57, 50, NULL, 1),
(100, 4, 50, NULL, 1),
(100, 49, 50, NULL, 1),
(100, 37, 50, NULL, 1),
(100, 81, 50, NULL, 1),
(100, 75, 100, NULL, 1),
(100, 76, 100, NULL, 1),
(100, 77, 100, NULL, 1),
(101, 4, 100, NULL, 1),
(101, 28, 100, NULL, 1),
(101, 57, 100, NULL, 1),
(101, 50, 100, NULL, 1),
(101, 40, 100, NULL, 1),
(101, 80, 100, NULL, 1),
(101, 75, 200, NULL, 1),
(101, 76, 200, NULL, 1),
(101, 77, 200, NULL, 1),
(102, 5, 10, NULL, 1),
(102, 27, 10, NULL, 1),
(102, 57, 10, NULL, 1),
(102, 36, 10, NULL, 1),
(102, 79, 10, NULL, 1),
(102, 75, 30, NULL, 1),
(102, 76, 30, NULL, 1),
(102, 77, 30, NULL, 1),
(103, 6, 50, NULL, 1),
(103, 26, 25, NULL, 1),
(103, 57, 100, NULL, 1),
(103, 37, 50, NULL, 1),
(103, 42, 50, NULL, 1),
(103, 78, 25, NULL, 1),
(103, 75, 100, NULL, 1),
(103, 76, 100, NULL, 1),
(103, 77, 100, NULL, 1),
(104, 7, 60, NULL, 1),
(104, 25, 30, NULL, 1),
(104, 57, 150, NULL, 1),
(104, 51, 60, NULL, 1),
(104, 46, 60, NULL, 1),
(104, 71, 60, NULL, 1),
(104, 79, 30, NULL, 1),
(104, 75, 200, NULL, 1),
(104, 77, 200, NULL, 1),
(105, 8, 50, NULL, 1),
(105, 24, 25, NULL, 1),
(105, 57, 100, NULL, 1),
(105, 45, 50, NULL, 1),
(105, 72, 50, NULL, 1),
(105, 80, 25, NULL, 1),
(105, 75, 150, NULL, 1),
(105, 76, 150, NULL, 1),
(106, 9, 60, NULL, 1),
(106, 23, 30, NULL, 1),
(106, 57, 100, NULL, 1),
(106, 52, 60, NULL, 1),
(106, 44, 60, NULL, 1),
(106, 70, 60, NULL, 1),
(106, 81, 30, NULL, 1),
(106, 76, 150, NULL, 1),
(106, 77, 150, NULL, 1),
(1, 10, 100, NULL, 1),
(1, 11, 100, NULL, 1),
(1, 22, 100, NULL, 1),
(1, 27, 50, NULL, 1),
(1, 57, 200, NULL, 1),
(1, 43, 50, NULL, 1),
(1, 69, 100, NULL, 1),
(1, 82, 50, NULL, 1),
(1, 75, 200, NULL, 1),
(1, 76, 200, NULL, 1),
(2, 57, 100, NULL, 1),
(2, 53, 20, NULL, 1),
(2, 42, 20, NULL, 1),
(2, 68, 20, NULL, 1),
(2, 83, 20, NULL, 1),
(3, 57, 150, NULL, 1),
(3, 54, 30, NULL, 1),
(3, 41, 30, NULL, 1),
(3, 67, 30, NULL, 1),
(3, 83, 30, NULL, 1),
(4, 57, 300, NULL, 1),
(4, 55, 50, NULL, 1),
(4, 42, 50, NULL, 1),
(4, 66, 50, NULL, 1),
(4, 79, 50, NULL, 1),
(4, 75, 200, NULL, 1),
(4, 76, 200, NULL, 1),
(4, 77, 200, NULL, 1),
(5, 57, 300, NULL, 1),
(5, 54, 75, NULL, 1),
(5, 43, 75, NULL, 1),
(5, 65, 150, NULL, 1),
(5, 80, 75, NULL, 1),
(5, 77, 300, NULL, 1),
(5, 75, 300, NULL, 1),
(5, 76, 300, NULL, 1),
(6, 57, 10, NULL, 1),
(6, 44, 10, NULL, 1),
(6, 64, 10, NULL, 1),
(6, 81, 10, NULL, 1),
(6, 75, 50, NULL, 1),
(7, 12, 300, NULL, 1),
(7, 18, 300, NULL, 1),
(7, 29, 150, NULL, 1),
(7, 57, 300, NULL, 1),
(7, 53, 150, NULL, 1),
(7, 45, 150, NULL, 1),
(7, 63, 300, NULL, 1),
(7, 83, 150, NULL, 1),
(8, 57, 200, NULL, 1),
(8, 52, 50, NULL, 1),
(8, 46, 50, NULL, 1),
(8, 62, 50, NULL, 1),
(8, 73, 100, NULL, 1),
(9, 14, 15, NULL, 1),
(9, 20, 15, NULL, 1),
(9, 21, 15, NULL, 1),
(9, 1, 15, NULL, 1),
(9, 6, 15, NULL, 1),
(9, 57, 15, NULL, 1),
(9, 51, 15, NULL, 1),
(9, 78, 15, NULL, 1),
(10, 3, 25, NULL, 1),
(10, 7, 25, NULL, 1),
(10, 26, 25, NULL, 1),
(10, 57, 25, NULL, 1),
(10, 50, 25, NULL, 1),
(10, 71, 25, NULL, 1),
(10, 79, 25, NULL, 1),
(10, 75, 25, NULL, 1),
(10, 76, 25, NULL, 1),
(11, 15, 10, NULL, 1),
(11, 12, 10, NULL, 1),
(11, 24, 10, NULL, 1),
(11, 57, 10, NULL, 1),
(11, 49, 10, NULL, 1),
(11, 70, 10, NULL, 1),
(12, 1, 100, NULL, 1),
(12, 2, 100, NULL, 1),
(12, 3, 100, NULL, 1),
(12, 29, 50, NULL, 1),
(12, 57, 400, NULL, 1),
(12, 48, 50, NULL, 1),
(12, 69, 50, NULL, 1),
(12, 75, 200, NULL, 1),
(12, 76, 200, NULL, 1),
(13, 13, 25, NULL, 1),
(13, 15, 25, NULL, 1),
(13, 34, 25, NULL, 1),
(13, 57, 25, NULL, 1),
(13, 47, 25, NULL, 1),
(13, 68, 25, NULL, 1),
(14, 17, 100, NULL, 1),
(14, 19, 100, NULL, 1),
(14, 33, 100, NULL, 1),
(14, 57, 100, NULL, 1),
(14, 47, 100, NULL, 1),
(14, 67, 100, NULL, 1),
(15, 11, 400, NULL, 1),
(15, 13, 400, NULL, 1),
(15, 32, 200, NULL, 1),
(15, 57, 200, NULL, 1),
(15, 49, 200, NULL, 1),
(15, 66, 200, NULL, 1),
(16, 1, 50, NULL, 1),
(16, 31, 50, NULL, 1),
(16, 57, 50, NULL, 1),
(16, 50, 50, NULL, 1),
(16, 65, 50, NULL, 1),
(17, 2, 50, NULL, 1),
(17, 30, 25, NULL, 1),
(17, 57, 75, NULL, 1),
(17, 51, 25, NULL, 1),
(18, 3, 100, NULL, 1),
(18, 29, 50, NULL, 1),
(18, 57, 200, NULL, 1),
(18, 62, 50, NULL, 1),
(19, 4, 400, NULL, 1),
(19, 22, 200, NULL, 1),
(19, 57, 400, NULL, 1),
(19, 63, 200, NULL, 1),
(31, 72, 20, NULL, 1),
(31, 73, 35, NULL, 1),
(32, 17, 12, NULL, 1),
(32, 83, 50, NULL, 1),
(32, 59, 24, NULL, 1),
(32, 60, 41, NULL, 1),
(32, 72, 36, NULL, 1),
(32, 73, 52, NULL, 1),
(33, 11, 51, NULL, 3),
(33, 26, 20, NULL, 3),
(33, 38, 10, NULL, 1),
(33, 44, 45, NULL, 1),
(33, 56, 36, NULL, 1),
(33, 57, 64, NULL, 3),
(33, 70, 17, NULL, 1),
(33, 72, 49, NULL, 1),
(33, 73, 51, NULL, 3),
(34, 2, 60, NULL, 1),
(34, 22, 11, NULL, 1),
(34, 55, 45, NULL, 1),
(34, 59, 22, NULL, 1),
(34, 57, 51, NULL, 3),
(34, 72, 13, NULL, 3),
(34, 73, 25, NULL, 3),
(35, 1, 24, NULL, 1),
(35, 78, 11, NULL, 1),
(35, 72, 13, NULL, 1),
(35, 73, 35, NULL, 1),
(36, 11, 51, NULL, 1),
(36, 70, 45, NULL, 1),
(36, 72, 22, NULL, 1),
(36, 73, 14, NULL, 1),
(36, 82, 56, NULL, 1),
(37, 7, 41, NULL, 1),
(37, 13, 55, NULL, 1),
(37, 20, 63, NULL, 1),
(37, 5, 31, NULL, 1),
(37, 72, 20, NULL, 1),
(37, 56, 12, NULL, 1),
(37, 59, 20, NULL, 1),
(37, 61, 32, NULL, 1),
(38, 3, 29, NULL, 1),
(38, 79, 19, NULL, 1),
(38, 57, 39, NULL, 1),
(38, 61, 59, NULL, 1),
(38, 72, 19, NULL, 1),
(39, 17, 39, NULL, 1),
(39, 79, 29, NULL, 1),
(39, 56, 19, NULL, 1),
(40, 12, 22, NULL, 1),
(40, 9, 35, NULL, 1),
(40, 18, 51, NULL, 1),
(40, 72, 15, NULL, 1),
(40, 73, 62, NULL, 1),
(40, 56, 2, NULL, 1),
(40, 57, 33, NULL, 1),
(40, 61, 15, NULL, 1),
(40, 64, 21, NULL, 1),
(40, 67, 52, NULL, 1),
(40, 68, 23, NULL, 1),
(41, 81, 31, NULL, 1),
(41, 82, 12, NULL, 1),
(41, 48, 20, NULL, 1),
(41, 57, 58, NULL, 1),
(41, 59, 6, NULL, 1),
(41, 40, 41, NULL, 3),
(41, 72, 22, NULL, 3),
(42, 6, 56, NULL, 3),
(42, 24, 24, NULL, 3),
(42, 72, 35, NULL, 1),
(42, 34, 12, NULL, 1),
(42, 73, 42, NULL, 3),
(42, 77, 31, NULL, 3),
(42, 60, 25, NULL, 1),
(42, 75, 16, NULL, 1),
(42, 57, 29, NULL, 1),
(43, 50, 56, NULL, 1),
(43, 51, 44, NULL, 1),
(43, 41, 51, NULL, 1),
(43, 45, 10, NULL, 1),
(43, 28, 21, NULL, 1),
(43, 57, 30, NULL, 1),
(43, 61, 8, NULL, 1),
(43, 73, 12, NULL, 1),
(43, 9, 6, NULL, 1),
(44, 2, 27, NULL, 1),
(44, 8, 580, NULL, 1),
(44, 17, 65, NULL, 1),
(44, 27, 44, NULL, 1),
(44, 50, 82, NULL, 1),
(44, 41, 10, NULL, 1),
(44, 57, 20, NULL, 1),
(44, 58, 12, NULL, 1),
(44, 72, 15, NULL, 1),
(45, 79, 32, NULL, 1),
(45, 72, 52, NULL, 1),
(45, 74, 51, NULL, 1),
(45, 37, 12, NULL, 1),
(45, 53, 42, NULL, 1),
(45, 43, 22, NULL, 1),
(45, 57, 31, NULL, 1),
(45, 62, 10, NULL, 1),
(46, 12, 25, NULL, 1),
(46, 15, 16, NULL, 1),
(46, 30, 11, NULL, 1),
(46, 31, 38, NULL, 1),
(46, 49, 12, NULL, 1),
(46, 55, 45, NULL, 1),
(46, 57, 21, NULL, 1),
(46, 61, 53, NULL, 1),
(46, 71, 31, NULL, 1),
(46, 72, 60, NULL, 1),
(47, 79, 22, NULL, 1),
(47, 73, 40, NULL, 1),
(47, 82, 22, NULL, 1),
(47, 47, 40, NULL, 1),
(47, 54, 22, NULL, 1),
(47, 44, 51, NULL, 1),
(47, 57, 30, NULL, 1),
(47, 72, 15, NULL, 1),
(47, 58, 22, NULL, 1),
(48, 14, 14, NULL, 1),
(48, 17, 25, NULL, 1),
(48, 15, 51, NULL, 1),
(48, 16, 35, NULL, 1),
(48, 65, 59, NULL, 1),
(48, 72, 14, NULL, 1),
(48, 73, 58, NULL, 1),
(48, 66, 66, NULL, 1),
(48, 67, 85, NULL, 1),
(48, 57, 41, NULL, 1),
(48, 58, 53, NULL, 1),
(49, 23, 22, NULL, 1),
(49, 24, 81, NULL, 1),
(49, 35, 45, NULL, 1),
(49, 57, 93, NULL, 1),
(49, 41, 12, NULL, 1),
(49, 63, 20, NULL, 1),
(50, 57, 65, NULL, 1),
(50, 72, 46, NULL, 1),
(50, 73, 56, NULL, 1),
(50, 40, 85, NULL, 1),
(50, 48, 11, NULL, 1),
(50, 52, 23, NULL, 1),
(50, 45, 32, NULL, 1),
(50, 58, 41, NULL, 1),
(50, 56, 50, NULL, 1),
(51, 83, 84, NULL, 1),
(51, 58, 62, NULL, 1),
(51, 45, 41, NULL, 1),
(51, 64, 50, NULL, 1),
(52, 30, 31, NULL, 1),
(52, 31, 25, NULL, 1),
(52, 39, 13, NULL, 1),
(52, 55, 45, NULL, 1),
(52, 44, 52, NULL, 1),
(52, 56, 91, NULL, 1),
(52, 57, 75, NULL, 1),
(52, 72, 51, NULL, 1),
(52, 73, 42, NULL, 1),
(52, 74, 30, NULL, 1),
(53, 78, 24, NULL, 1),
(53, 82, 55, NULL, 1),
(53, 57, 88, NULL, 1),
(53, 80, 37, NULL, 1),
(53, 72, 19, NULL, 1),
(53, 73, 51, NULL, 1),
(53, 42, 26, NULL, 1),
(53, 56, 55, NULL, 1),
(53, 45, 83, NULL, 1),
(54, 1, 41, NULL, 1),
(54, 22, 93, NULL, 1),
(54, 55, 30, NULL, 1),
(54, 73, 53, NULL, 1),
(54, 47, 72, NULL, 1),
(54, 35, 31, NULL, 1),
(54, 62, 10, NULL, 1),
(54, 56, 51, NULL, 1),
(54, 57, 41, NULL, 1),
(54, 75, 30, NULL, 1),
(55, 2, 49, NULL, 1),
(55, 23, 28, NULL, 1),
(55, 57, 56, NULL, 1),
(55, 73, 45, NULL, 1),
(55, 48, 13, NULL, 1),
(55, 36, 55, NULL, 1),
(55, 63, 32, NULL, 1),
(55, 77, 61, NULL, 1),
(55, 75, 80, NULL, 1),
(56, 3, 12, NULL, 1),
(56, 24, 21, NULL, 1),
(56, 57, 50, NULL, 1),
(56, 73, 42, NULL, 1),
(56, 37, 80, NULL, 1),
(56, 64, 35, NULL, 1),
(56, 58, 61, NULL, 1),
(56, 59, 84, NULL, 1),
(56, 76, 51, NULL, 1),
(29, 34, 41, 'Extra glaze', 1),
(29, 41, 32, 'No Carrots', 1),
(29, 58, 20, 'With cream and sugar', 1),
(29, 64, 12, 'No strawberry', 1),
(30, 12, 21, 'No blue cheese', 1),
(20, 46, 100, 'No brussel sprouts', 1),
(20, 57, 500, 'Add lemon', 1),
(20, 62, 50, 'Use Granny Smith', 1),
(20, 64, 50, 'No raspberry', 1),
(28, 39, 53, 'No chives', 1),
(28, 43, 64, 'Add butter', 1),
(28, 57, 15, 'Add cucumber', 1),
(40, 21, 44, 'No strawberries', 1),
(42, 76, 34, 'Add chocolate', 1),
(42, 19, 26, 'Extra cream', 1),
(42, 7, 14, 'Extra rosemary', 1),
(51, 3, 65, 'Extra bacon', 1),
(51, 4, 1, 'Add honey mustard for dipping', 1),
(51, 57, 27, 'Add lime', 1),
(51, 79, 54, 'Extra sauces', 1),
(51, 72, 45, 'Extra napkins', 1),
(59, 27, 25, 'Extra crispy', 1),
(59, 57, 25, 'Add lemon', 1),
(59, 51, 21, 'Extra strawberry', 1),
(62, 9, 42, 'Extra salami', 1),
(62, 30, 53, 'Extra lemon', 1),
(81, 13, 20, 'No tomatoes', 1),
(81, 14, 20, 'No onions', 1),
(81, 22, 10, 'Some rare and some well-done', 1),
(8, 13, 50, 'No onions', 1),
(8, 19, 50, 'Extra cream', 1),
(8, 28, 25, 'Add rosemary', 1);

-- --------------------------------------------------------

--
-- Table structure for table `Customer`
--

CREATE TABLE IF NOT EXISTS `Customer` (
  `CustomerNo` int(11) NOT NULL,
  `NameID` int(11) NOT NULL,
  `BillsContactID` int(11) DEFAULT NULL,
  `SalesContactID` int(11) DEFAULT NULL,
  PRIMARY KEY (`CustomerNo`),
  KEY `NameID` (`NameID`)
) ENGINE=MyISAM DEFAULT CHARSET=latin1;

--
-- Dumping data for table `Customer`
--

INSERT INTO `Customer` (`CustomerNo`, `NameID`, `BillsContactID`, `SalesContactID`) VALUES
(100, 50, 6, 6),
(101, 51, 7, 7),
(102, 52, 8, 8),
(103, 53, 9, 9),
(104, 54, 10, 10),
(105, 55, 11, 11),
(106, 56, 12, 12),
(107, 57, 13, 13),
(108, 9, 58, 99),
(109, 10, 59, 59),
(110, 11, 60, 60),
(111, 12, 61, 102),
(112, 13, 62, 103),
(113, 14, 63, 104),
(114, 15, 64, 105),
(115, 16, 65, 106),
(116, 17, 66, 1),
(117, 18, 67, 2),
(118, 19, 68, 3),
(119, 20, 69, 4),
(120, 21, 70, 5),
(121, 22, 71, 6),
(122, 23, 72, 7),
(123, 24, 73, 8),
(124, 25, 74, 9),
(125, 26, 75, 10),
(126, 27, 76, 11),
(127, 28, 77, 12),
(128, 29, 78, 13),
(129, 30, 79, 14),
(130, 31, 80, 15),
(131, 32, 81, 16),
(132, 33, 82, 17),
(133, 34, 83, 18),
(134, 35, 84, 19),
(135, 36, 85, 20),
(136, 37, 86, 21),
(137, 38, 87, 22),
(138, 39, 88, 23),
(139, 40, 89, 24),
(140, 41, 90, 25),
(141, 42, 91, 26),
(142, 43, 92, 27),
(143, 44, 93, 28),
(144, 45, 94, 29),
(145, 46, 95, 30),
(146, 47, 96, 31),
(147, 48, 97, 32),
(148, 49, 98, 33),
(149, 50, 99, 34),
(150, 51, 100, 35),
(151, 52, 101, 36),
(152, 53, 102, 37),
(153, 54, 103, 38),
(154, 55, 104, 39),
(155, 56, 105, 40),
(156, 57, 106, 41),
(157, 58, 1, 42),
(158, 59, 2, 43),
(159, 60, 3, 44),
(160, 61, 4, 45),
(161, 62, 5, 46),
(162, 63, 6, 47),
(163, 64, 7, 48),
(164, 65, 8, 49),
(165, 66, 9, 50),
(166, 67, 10, 51),
(167, 68, 11, 52),
(168, 69, 12, 53),
(169, 70, 13, 54),
(170, 71, 14, 55),
(171, 72, 15, 56),
(172, 73, 16, 57),
(173, 74, 17, 58),
(174, 75, 18, 59),
(175, 76, 19, 60),
(176, 77, 20, 61),
(177, 78, 21, 62),
(178, 79, 22, 63),
(179, 80, 23, 64),
(180, 81, 24, 65),
(181, 82, 25, 66),
(182, 83, 26, 67),
(183, 84, 27, 68),
(184, 85, 28, 69),
(185, 86, 29, 70),
(186, 87, 30, 71),
(187, 88, 31, 72),
(188, 89, 32, 73),
(189, 90, 33, 74),
(190, 91, 34, 75),
(191, 92, 35, 76),
(192, 93, 36, 77),
(193, 94, 37, 78),
(194, 95, 38, 79),
(195, 96, 39, 80),
(196, 97, 40, 81),
(197, 98, 41, 82),
(198, 99, 42, 83),
(199, 100, 43, 84),
(200, 101, 44, 85),
(201, 102, 45, 86),
(202, 103, 46, 87),
(203, 104, 47, 88),
(204, 105, 48, 89),
(205, 106, 49, 90);

-- --------------------------------------------------------

--
-- Table structure for table `Event`
--

CREATE TABLE IF NOT EXISTS `Event` (
  `EventID` int(11) NOT NULL AUTO_INCREMENT,
  `EventTitle` varchar(50) NOT NULL,
  `EventDescription` varchar(50) DEFAULT NULL,
  `EstimatedCount` int(11) DEFAULT NULL,
  `FacilityID` int(11) DEFAULT NULL,
  `ContactID` int(11) DEFAULT NULL,
  `EventDate` datetime DEFAULT NULL,
  `Day` char(10) DEFAULT NULL,
  `ToTime` time DEFAULT NULL,
  `FromTime` time DEFAULT NULL,
  `EventTypeID` int(11) NOT NULL,
  PRIMARY KEY (`EventID`),
  KEY `FacilityID` (`FacilityID`),
  KEY `ContactID` (`ContactID`),
  KEY `EventTypeID` (`EventTypeID`)
) ENGINE=MyISAM AUTO_INCREMENT=125 DEFAULT CHARSET=latin1;

--
-- Dumping data for table `Event`
--

INSERT INTO `Event` (`EventID`, `EventTitle`, `EventDescription`, `EstimatedCount`, `FacilityID`, `ContactID`, `EventDate`, `Day`, `ToTime`, `FromTime`, `EventTypeID`) VALUES
(1, 'Brown/Kuhnhenn Engagement Party', NULL, 100, 15, 6, '2009-03-11 00:00:00', 'Saturday', '13:00:00', '24:00:00', 9),
(2, 'Brown/Kuhnhenn Wedding Shower', NULL, 100, 15, 6, '2009-07-22 00:00:00', 'Saturday', '14:00:00', '23:00:00', 8),
(3, 'Brown/Kuhnhenn Wedding', NULL, 50, 15, 6, '2009-08-31 00:00:00', 'Saturday', '15:00:00', '24:00:00', 1),
(4, 'Hanlin/Kuhnhenn Engagement Party', NULL, 25, 16, 9, '2011-03-11 00:00:00', 'Saturday', '13:00:00', '23:00:00', 9),
(5, 'Hanlin/Kuhnhenn Wedding Shower', NULL, 50, 16, 10, '2011-04-29 00:00:00', 'Saturday', '13:00:00', '24:00:00', 8),
(6, 'Hanlin/Kuhnhenn Wedding', NULL, 150, 16, 11, '2011-05-16 00:00:00', 'Saturday', '14:00:00', '23:00:00', 1),
(7, 'Harris/Karge Engagement Party', NULL, 100, 17, 12, '2017-05-13 00:00:00', 'Saturday', '15:00:00', '22:00:00', 9),
(8, 'Harris/Karge Wedding Shower', NULL, 100, 17, 13, '2017-06-13 00:00:00', 'Saturday', '13:00:00', '23:00:00', 8),
(9, 'Harris/Karge Wedding', NULL, 100, 17, 14, '2017-07-13 00:00:00', 'Saturday', '14:00:00', '23:00:00', 1),
(10, 'Smith/Davis Engagement Party', NULL, 100, 18, 15, '2009-02-20 00:00:00', 'Sunday', '13:00:00', '24:00:00', 9),
(11, 'Smith/Davis Wedding Shower', NULL, 50, 18, 16, '2009-04-14 00:00:00', 'Saturday', '14:00:00', '23:00:00', 8),
(12, 'Smith/Davis Wedding', NULL, 150, 18, 17, '2009-06-16 00:00:00', 'Sunday', '15:00:00', '23:00:00', 1),
(13, 'Billy\'s Bar Mitsvah', NULL, 25, 19, 18, '2011-01-12 00:00:00', 'Sunday', '16:00:00', '24:00:00', 5),
(14, 'Susan\'s Bat Mitsvah', NULL, 25, 20, 19, '2014-02-14 00:00:00', 'Saturday', '17:00:00', '23:00:00', 4),
(15, 'Brooks Holiday Party', NULL, 30, 21, 20, '2015-03-15 00:00:00', 'Saturday', '18:00:00', '24:00:00', 7),
(16, 'Amanda\'s 30th Birthday', NULL, 100, 22, 21, '2006-04-16 00:00:00', 'Sunday', '16:00:00', '24:00:00', 2),
(17, 'Tara\'s 35th Birthday', NULL, 50, 23, 22, '2007-05-17 00:00:00', 'Sunday', '16:00:00', '24:00:00', 2),
(18, 'Barb\'s Retirement', NULL, 100, 24, 23, '2008-06-18 00:00:00', 'Saturday', '16:00:00', '23:00:00', 3),
(19, 'Biscuit\'s 10th Birthday', NULL, 10, 25, 24, '2019-07-19 00:00:00', 'Sunday', '16:00:00', '24:00:00', 2),
(20, 'Green/Smith Engagement Party', NULL, 50, 26, 25, '2006-06-30 00:00:00', 'Sunday', '14:00:00', '22:00:00', 9),
(21, 'Green/Smith Wedding Shower', NULL, 50, 26, 26, '2006-07-31 00:00:00', 'Saturday', '13:00:00', '22:00:00', 8),
(22, 'Green/Smith Wedding', NULL, 100, 26, 27, '2006-08-31 00:00:00', 'Sunday', '15:00:00', '22:00:00', 1),
(23, 'Smith Birthday Party', NULL, 25, 27, 28, '2007-12-12 00:00:00', 'Sunday', '13:00:00', '22:00:00', 2),
(24, 'Martin Enterprise Office Party', NULL, 30, 28, 29, '2007-10-31 00:00:00', 'Sunday', '14:00:00', '22:00:00', 6),
(25, 'Jones/Jackson Engagement Party', NULL, 50, 29, 30, '2009-01-17 00:00:00', 'Saturday', '15:00:00', '23:00:00', 9),
(26, 'Jones/Jackson Wedding Shower', NULL, 100, 29, 31, '2009-03-18 00:00:00', 'Saturday', '17:00:00', '23:00:00', 8),
(27, 'Jones/Jackson Wedding', NULL, 100, 29, 32, '2009-04-19 00:00:00', 'Saturday', '14:00:00', '23:00:00', 1),
(28, 'Bruin/Taylor Engagement', NULL, 50, 30, 33, '2016-03-31 00:00:00', 'Sunday', '14:00:00', '22:00:00', 9),
(29, 'Bruin/Taylor Wedding Shower', NULL, 50, 30, 34, '2016-06-29 00:00:00', 'Saturday', '13:00:00', '23:00:00', 8),
(30, 'Bruin/Taylor Wedding', NULL, 100, 30, 35, '2016-10-31 00:00:00', 'Sunday', '15:00:00', '23:00:00', 1),
(31, 'Walker Bat Mitsvah', NULL, 30, 31, 36, '2007-10-16 00:00:00', 'Sunday', '13:00:00', '23:00:00', 4),
(32, 'Johnson Bar Mitsvah', NULL, 25, 32, 37, '2007-11-15 00:00:00', 'Saturday', '14:00:00', '22:00:00', 5),
(33, 'James\' 50th Birthday', NULL, 25, 33, 38, '2007-12-14 00:00:00', 'Sunday', '15:00:00', '22:00:00', 2),
(34, 'Lewis/Clark Engagement', NULL, 50, 34, 39, '2021-05-27 00:00:00', 'Sunday', '16:00:00', '22:00:00', 9),
(35, 'Lewis/Clark Wedding Shower', NULL, 50, 34, 40, '2021-06-26 00:00:00', 'Saturday', '14:00:00', '22:00:00', 8),
(36, 'Lewis/Clark Wedding', NULL, 50, 34, 41, '2021-07-28 00:00:00', 'Sunday', '17:00:00', '24:00:00', 1),
(37, 'Clark Retirement', NULL, 100, 34, 42, '2004-08-21 00:00:00', 'Sunday', '13:00:00', '22:00:00', 3),
(38, 'Clark Birthday', NULL, 100, 34, 43, '2015-07-24 00:00:00', 'Saturday', '14:00:00', '22:00:00', 2),
(39, 'Jackson Birthday', NULL, 100, 35, 44, '2016-06-25 00:00:00', 'Saturday', '15:00:00', '22:00:00', 2),
(40, 'Bruin Retirement', NULL, 100, 36, 45, '2017-05-26 00:00:00', 'Sunday', '16:00:00', '22:00:00', 3),
(41, 'Green Bat Mitsvah', NULL, 99, 37, 46, '2008-03-27 00:00:00', 'Saturday', '17:00:00', '22:00:00', 4),
(42, 'Johnson Bar Mitsvah', NULL, 75, 38, 47, '2009-02-28 00:00:00', 'Saturday', '18:00:00', '22:00:00', 5),
(43, 'Thompson Office Party', NULL, 30, 39, 48, '2001-01-31 00:00:00', 'Saturday', '16:00:00', '22:00:00', 6),
(44, 'Harris Christmas Party', NULL, 25, 40, 49, '2001-10-12 00:00:00', 'Saturday', '13:00:00', '22:00:00', 7),
(45, 'Harris Retirement', NULL, 50, 41, 50, '2012-11-11 00:00:00', 'Saturday', '14:00:00', '22:00:00', 3),
(46, 'Allen Bat Mitsvah', NULL, 30, 42, 51, '2001-06-14 00:00:00', 'Saturday', '15:00:00', '22:00:00', 4),
(47, 'Scott Bar Mitsvah', NULL, 40, 43, 52, '2007-05-15 00:00:00', 'Saturday', '17:00:00', '22:00:00', 5),
(48, 'Lee Office Party', NULL, 25, 44, 53, '2015-01-16 00:00:00', 'Saturday', '16:00:00', '22:00:00', 6),
(49, 'Martin Christmas Party', NULL, 10, 45, 54, '2009-03-14 00:00:00', 'Sunday', '14:00:00', '22:00:00', 7),
(50, 'Miller Retirement', NULL, 50, 46, 55, '2001-07-20 00:00:00', 'Sunday', '15:00:00', '23:00:00', 3),
(51, 'Davis Retirement', NULL, 25, 47, 56, '2008-08-21 00:00:00', 'Saturday', '14:00:00', '22:00:00', 3),
(52, 'Smith Birthday', NULL, 25, 48, 57, '2014-09-22 00:00:00', 'Saturday', '18:00:00', '23:00:00', 2),
(53, 'Jones Retirement', NULL, 50, 49, 58, '2005-10-23 00:00:00', 'Sunday', '16:00:00', '22:00:00', 3),
(54, 'Wright Retirement', NULL, 50, 50, 59, '2010-11-24 00:00:00', 'Saturday', '14:00:00', '23:00:00', 3),
(55, 'Williams Birthday', NULL, 50, 51, 60, '2013-12-25 00:00:00', 'Saturday', '15:00:00', '22:00:00', 2),
(56, 'Bryan Retirement', NULL, 100, 52, 61, '2008-01-29 00:00:00', 'Sunday', '14:00:00', '22:00:00', 3),
(57, 'Brown Birthday', NULL, 100, 53, 62, '2006-02-26 00:00:00', 'Saturday', '14:00:00', '22:00:00', 2),
(58, 'White Birthday', NULL, 25, 54, 63, '2014-04-23 00:00:00', 'Saturday', '17:00:00', '22:00:00', 2),
(59, 'Wilson Retirement', NULL, 30, 55, 64, '2005-06-20 00:00:00', 'Saturday', '18:00:00', '23:00:00', 3),
(60, 'Kuhnhenn Retirement', NULL, 25, 56, 65, '2013-12-27 00:00:00', 'Saturday', '15:00:00', '23:00:00', 3),
(61, 'Anderson Retirement', NULL, 100, 57, 66, '2002-11-25 00:00:00', 'Saturday', '14:00:00', '02:00:00', 3),
(62, 'Fukuda Retirement', NULL, 40, 58, 67, '2011-01-26 00:00:00', 'Saturday', '16:00:00', '23:00:00', 3),
(63, 'Kochanski Birthday', NULL, 150, 59, 68, '2010-11-25 00:00:00', 'Sunday', '14:00:00', '23:00:00', 2),
(64, 'Chen Bat Mitsvah', NULL, 75, 60, 69, '2019-10-24 00:00:00', 'Saturday', '15:00:00', '22:00:00', 4),
(65, 'Dimpsey Bat Mitsvah', NULL, 75, 61, 70, '2010-09-23 00:00:00', 'Saturday', '13:00:00', '23:00:00', 4),
(66, 'Dupuis Birthday', NULL, 100, 62, 71, '2017-08-22 00:00:00', 'Saturday', '14:00:00', '11:00:00', 2),
(67, 'Kim Bat Mitsvah', NULL, 50, 63, 72, '2006-07-21 00:00:00', 'Saturday', '15:00:00', '23:00:00', 4),
(68, 'Erdly Retirement', NULL, 50, 64, 73, '2009-06-20 00:00:00', 'Sunday', '16:00:00', '22:00:00', 3),
(69, 'Pisan Birthday', NULL, 10, 65, 74, '2004-05-19 00:00:00', 'Saturday', '17:00:00', '23:00:00', 2),
(70, 'Jackels Bat Mitsvah', NULL, 10, 66, 75, '2009-04-18 00:00:00', 'Saturday', '18:00:00', '22:00:00', 4),
(71, 'Kool Bat Mitsvah', NULL, 25, 67, 76, '2002-03-17 00:00:00', 'Saturday', '16:00:00', '23:00:00', 4),
(72, 'Zander Birthday', NULL, 10, 68, 77, '2001-02-16 00:00:00', 'Saturday', '17:00:00', '22:00:00', 2),
(73, 'Stiber Retirement', NULL, 50, 69, 78, '0201-02-06 00:00:00', 'Saturday', '14:00:00', '22:00:00', 3),
(74, 'Steger Retirement', NULL, 50, 70, 79, '2009-03-05 00:00:00', 'Saturday', '15:00:00', '23:00:00', 3),
(75, 'Socha Birthday', NULL, 50, 71, 80, '2005-04-03 00:00:00', 'Saturday', '13:00:00', '22:00:00', 2),
(76, 'Retik Bat Mitsvah', NULL, 50, 72, 81, '2010-05-01 00:00:00', 'Saturday', '14:00:00', '23:00:00', 4),
(77, 'Parsons Retirement', NULL, 50, 73, 82, '2003-06-02 00:00:00', 'Saturday', '13:00:00', '22:00:00', 3),
(78, 'Peng Retirement', NULL, 100, 74, 83, '2005-12-01 00:00:00', 'Saturday', '14:00:00', '23:00:00', 3),
(79, 'Olson Retirement', NULL, 100, 75, 84, '2011-11-02 00:00:00', 'Saturday', '15:00:00', '22:00:00', 3),
(80, 'Lund Birthday', NULL, 100, 76, 85, '2004-12-03 00:00:00', 'Saturday', '16:00:00', '23:00:00', 2),
(81, 'Lin Retirement', NULL, 50, 77, 86, '2002-10-04 00:00:00', 'Saturday', '17:00:00', '22:00:00', 3),
(82, 'Ramirez Birthday', NULL, 25, 78, 87, '2016-11-05 00:00:00', 'Saturday', '18:00:00', '22:00:00', 2),
(83, 'Shaeffer Retirement', NULL, 30, 79, 88, '2004-12-06 00:00:00', 'Saturday', '19:00:00', '23:00:00', 3),
(84, 'Attebery Birthday', NULL, 30, 80, 89, '2015-01-13 00:00:00', 'Saturday', '14:00:00', '23:00:00', 2),
(85, 'Smith Birthday', NULL, 30, 81, 90, '2001-02-14 00:00:00', 'Saturday', '15:00:00', '23:00:00', 2),
(86, 'Karge Retirement', NULL, 10, 82, 91, '2012-03-15 00:00:00', 'Saturday', '17:00:00', '23:00:00', 3),
(87, 'Hanlin Retirement', NULL, 25, 83, 92, '2006-04-14 00:00:00', 'Saturday', '18:00:00', '23:00:00', 3),
(88, 'Krown Birthday', NULL, 100, 84, 93, '2003-05-16 00:00:00', 'Saturday', '16:00:00', '22:00:00', 2),
(89, 'Nelson Birthday', NULL, 25, 85, 94, '2018-06-18 00:00:00', 'Saturday', '19:00:00', '22:00:00', 2),
(90, 'Billett Retirement', NULL, 100, 86, 95, '2004-08-15 00:00:00', 'Saturday', '20:00:00', '22:00:00', 3),
(91, 'Irwin Retirement', NULL, 60, 87, 96, '2008-09-10 00:00:00', 'Saturday', '16:00:00', '22:00:00', 3),
(92, 'Matthews Retirement', NULL, 150, 88, 97, '2019-12-02 00:00:00', 'Saturday', '14:00:00', '22:00:00', 3),
(93, 'Pearson Retirement', NULL, 100, 89, 98, '2008-10-01 00:00:00', 'Saturday', '15:00:00', '23:00:00', 3),
(94, 'Weiz Birthday', NULL, 25, 90, 99, '2016-11-03 00:00:00', 'Saturday', '13:00:00', '22:00:00', 2),
(95, 'Lisi Retirement', NULL, 30, 91, 100, '2007-12-04 00:00:00', 'Saturday', '17:00:00', '23:00:00', 3),
(96, 'Zullo Retirement', NULL, 40, 92, 101, '2015-10-05 00:00:00', 'Saturday', '14:00:00', '22:00:00', 3),
(97, 'Baker Birthday', NULL, 10, 93, 102, '2004-11-06 00:00:00', 'Saturday', '18:00:00', '22:00:00', 2),
(98, 'Wattam Bat Mitsvah', NULL, 50, 94, 103, '2014-02-01 00:00:00', 'Saturday', '14:00:00', '23:00:00', 4),
(99, 'Webber Birthday', NULL, 50, 95, 104, '2002-03-02 00:00:00', 'Saturday', '13:00:00', '23:00:00', 2),
(100, 'Marr Bat Mitsvah', NULL, 50, 96, 105, '2011-01-03 00:00:00', 'Saturday', '15:00:00', '23:00:00', 4),
(101, 'Kruger Bat Mitsvah', NULL, 50, 97, 106, '2015-04-05 00:00:00', 'Saturday', '16:00:00', '23:00:00', 4),
(102, 'Orr Birthday', NULL, 50, 98, 1, '2004-06-09 00:00:00', 'Saturday', '13:00:00', '23:00:00', 2),
(103, 'Melvin Bat Mitsvah', NULL, 50, 99, 2, '2015-04-04 00:00:00', 'Saturday', '14:00:00', '22:00:00', 4),
(104, 'Armour Bat Mitsvah', NULL, 100, 100, 3, '2006-02-18 00:00:00', 'Saturday', '13:00:00', '23:00:00', 4),
(105, 'Bell Birthday', NULL, 50, 101, 4, '2017-08-15 00:00:00', 'Saturday', '14:00:00', '24:00:00', 2),
(106, 'Gilman Birthday', NULL, 50, 102, 5, '2008-09-16 00:00:00', 'Saturday', '13:00:00', '24:00:00', 2),
(107, 'Myers Bat Mitsvah', NULL, 50, 103, 6, '2018-06-13 00:00:00', 'Saturday', '14:00:00', '23:00:00', 4),
(108, 'Meyers Bat Mitsvah', NULL, 100, 104, 7, '2013-04-13 00:00:00', 'Saturday', '14:00:00', '21:00:00', 4),
(109, 'Dent/Denton Engagement Party', NULL, 50, 105, 8, '2012-06-14 00:00:00', 'Saturday', '14:00:00', '23:00:00', 9),
(110, 'Dent/Denton Wedding Shower', NULL, 50, 106, 9, '2012-05-15 00:00:00', 'Saturday', '14:00:00', '22:00:00', 8),
(111, 'Dent/Denton Wedding', NULL, 100, 1, 10, '2012-02-10 00:00:00', 'Saturday', '14:00:00', '23:00:00', 1),
(112, 'Lam Birthday', NULL, 100, 2, 11, '2009-04-18 00:00:00', 'Saturday', '15:00:00', '23:00:00', 2),
(113, 'Grant Birthday', NULL, 10, 3, 12, '0210-05-16 00:00:00', 'Saturday', '15:00:00', '22:00:00', 2),
(114, 'Jeffers Birthday', NULL, 100, 4, 13, '2014-09-10 00:00:00', 'Saturday', '14:00:00', '23:00:00', 2),
(115, 'Ellis Bat Mitsvah', NULL, 10, 5, 14, '2010-07-14 00:00:00', 'Saturday', '17:00:00', '22:00:00', 4),
(116, 'Lyda Bat Mitsvah', NULL, 100, 6, 15, '2010-08-13 00:00:00', 'Saturday', '17:00:00', '22:00:00', 4),
(117, 'Taylor Birthday', NULL, 50, 7, 16, '2010-09-11 00:00:00', 'Saturday', '15:00:00', '22:00:00', 2),
(118, 'Owen Birthday', NULL, 50, 8, 17, '2011-10-12 00:00:00', 'Saturday', '14:00:00', '23:00:00', 2),
(119, 'Brightwall Birthday', NULL, 50, 9, 18, '2014-09-15 00:00:00', 'Saturday', '13:00:00', '22:00:00', 2),
(120, 'Steward/Jones Engagement', NULL, 50, 10, 19, '2011-01-16 00:00:00', 'Saturday', '14:00:00', '23:00:00', 9),
(121, 'Steward/Jones Wedding Shower', NULL, 50, 11, 19, '2011-05-17 00:00:00', 'Saturday', '15:00:00', '22:00:00', 8),
(122, 'Steward/Jones Wedding', NULL, 100, 12, 19, '2011-09-12 00:00:00', 'Saturday', '13:00:00', '23:00:00', 1),
(123, 'Jones Birthday', NULL, 25, 13, 20, '2010-03-26 00:00:00', 'Saturday', '14:00:00', '23:00:00', 2),
(124, 'Smith Birthday', NULL, 25, 14, 21, '2003-01-19 00:00:00', 'Saturday', '15:00:00', '23:00:00', 2);

-- --------------------------------------------------------

--
-- Table structure for table `EventType`
--

CREATE TABLE IF NOT EXISTS `EventType` (
  `EventTypeID` int(11) NOT NULL AUTO_INCREMENT,
  `EventTypeCode` varchar(24) DEFAULT NULL,
  PRIMARY KEY (`EventTypeID`)
) ENGINE=MyISAM AUTO_INCREMENT=10 DEFAULT CHARSET=latin1;

--
-- Dumping data for table `EventType`
--

INSERT INTO `EventType` (`EventTypeID`, `EventTypeCode`) VALUES
(1, 'Wedding'),
(2, 'Birthday'),
(3, 'Retirement'),
(4, 'Bat Mitsvah'),
(5, 'Bar Mitsvah'),
(6, 'Office Party'),
(7, 'Christmas Party'),
(8, 'Wedding Shower'),
(9, 'Engagement Party');

-- --------------------------------------------------------

--
-- Table structure for table `Facility`
--

CREATE TABLE IF NOT EXISTS `Facility` (
  `FacilityID` int(11) NOT NULL AUTO_INCREMENT,
  `FacilityName` varchar(50) NOT NULL,
  `FacilityDescription` varchar(100) DEFAULT NULL,
  `ContactID` int(11) DEFAULT NULL,
  `LocationID` int(11) NOT NULL,
  PRIMARY KEY (`FacilityID`),
  KEY `ContactID` (`ContactID`),
  KEY `LocationID` (`LocationID`)
) ENGINE=MyISAM AUTO_INCREMENT=108 DEFAULT CHARSET=latin1;

--
-- Dumping data for table `Facility`
--

INSERT INTO `Facility` (`FacilityID`, `FacilityName`, `FacilityDescription`, `ContactID`, `LocationID`) VALUES
(1, 'The Greens', 'Golf Course', 60, 25),
(2, 'Maple Street Community Center', 'Community Center', 60, 26),
(3, 'Peach Station', 'Rental venue', 61, 27),
(4, 'Apple View Park', 'Park with indoor and outdoor rental locations', 62, 28),
(5, 'Pear Overlook', 'Overlooks the beautiful pear orchards', 63, 29),
(6, 'Rever Center', 'Community Center', 64, 30),
(7, 'Hanlin Park', 'Rolling hills, picnic areas, and playgrounds', 65, 31),
(8, 'Kochanski Estate', 'Historic vineyard', 66, 32),
(9, 'Parsons Forest Park', 'Large gathering area with outdoor kitchen and fris', 67, 33),
(10, 'Lund Marina', 'Stunning water views with old-time charm', 68, 34),
(11, 'Kool Park', 'New age skate park, great for gatherings', 69, 35),
(12, 'Sung Manor', 'Venue with colonial accents', 70, 36),
(13, 'Zander Estate', 'Country club and gathering place with 18 hole cour', 71, 37),
(14, 'Stiber Park', 'Laser tag venue for the young and young at heart', 72, 38),
(15, 'Kim Center', 'Community center perfect for gatherings of all typ', 73, 39),
(16, 'Socha View Park', 'Beautiful beach and views with zipline course nest', 74, 40),
(17, 'Jackels Cabin', 'Rustic gathering area, full kitchen, great views', 75, 41),
(18, 'Ferring Field', 'Outdoor kitchen with lots of room to roam', 76, 42),
(19, 'Retik Community Center', 'Four-story community center with kitchen, great ha', 77, 43),
(20, 'Fukuda Field', 'Picnic area and softball fields', 78, 44),
(21, 'Erdly Overlook', 'Overlooks the beautiful pear orchards', 79, 45),
(22, 'Pisan Marina', 'Beautiful outdoor event space with kayak and sailb', 80, 46),
(23, 'Peng Park', 'Heavily forested, private park setting', 81, 47),
(24, 'Dupuis Center', 'Gallery showing local artists with event space', 82, 48),
(25, 'Dimpsey Boulevard Manor', 'Historic building with Victorian charm', 83, 49),
(26, 'Olson Dock', 'Stunning water views with a full kitchen and event', 84, 50),
(27, 'Chen Community Center', 'Remodeled community center with new kitchen', 85, 51),
(28, 'Anderson Outlook', 'Overlooks the beautiful Anderson flats', 86, 52),
(29, 'Kool Station', 'Comfortable event space with exhibits to explore', 87, 53),
(30, 'Steger Park', 'Sweeping lawns with outdoor space and indoor kitch', 88, 54),
(31, 'Lin Cabin', 'Nestled in the woods with plenty of room for your ', 89, 55),
(32, 'Blue Bird Cabin', 'On the edge of a stunning field with a full kitche', 90, 56),
(33, 'Mulberry Park', 'Covered picnic area, with rolling grassy fields', 91, 57),
(34, 'Park Street Station', 'Repurposed historic train depot', 92, 58),
(35, 'Airport Lodge', 'Watch the Cessnas come and go from our beautiful b', 93, 59),
(36, 'Camp Field', 'Large site with covered picnic area', 94, 60),
(37, 'Danish Station', 'Danish architecture with full amenities', 95, 61),
(38, 'Bay View Park', 'Rolling hills, picnic areas, and playgrounds', 96, 62),
(39, 'Big Red Barn', 'Rustic barn with full amenities', 97, 63),
(40, 'Corn Field Park', 'Rolling hills, picnic areas, and playgrounds', 98, 64),
(41, 'Marina View Park', 'Rolling hills, picnic areas, and playgrounds', 99, 65),
(42, 'Gold Marina', 'Rolling hills, picnic areas, and playgrounds', 100, 66),
(43, 'Flower Park', 'Botanical garden with event space and full ameniti', 101, 67),
(44, 'Hazel Park', 'Beautiful hazelnut trees, perfect for pictures', 102, 68),
(45, 'Ida Station', 'Remodeled boxcar perfect for any event', 103, 69),
(46, 'Forest Park', 'Stunning trees with lots of privacy for all your e', 104, 70),
(47, 'Woodstock Lane', 'Event venue with stage and sound system', 105, 71),
(48, 'Wall View Park', 'Park with outdoor art installations and covered ev', 106, 72),
(49, 'Walden Pond Community Center', 'In the heart of the city, perfect for any event', 1, 73),
(50, 'Silver Lake Center', 'Not for profit aquarium with event space', 2, 74),
(51, 'Crescent Lake Cabin', 'Large 6 bedroom cabin with sprawling views of the ', 3, 75),
(52, 'Swamp View', 'Rustic NOLA inspired event space', 4, 76),
(53, 'Rail Station', 'Event space with full-sized model interactive trai', 5, 77),
(54, 'Ship Port Manor', ' Decommissioned Navy vessel repurposed as an event', 6, 78),
(55, 'Trout Lake Chateau', 'Bed and breakfast with event space', 7, 79),
(56, 'Steelhead Cabin', 'Plan your event and your fishing trips at the same', 8, 80),
(57, 'Grouse Creek Overlook', 'Overlooks the picturesque Grouse Creek', 9, 81),
(58, 'Bull Yard Collective', 'Come see the rodeo from private suites ready for a', 10, 82),
(59, 'The Hen Coop', 'Restored barn perfect for all events', 11, 83),
(60, 'Prairie Lookout', 'Overlooks the beautiful prairie', 12, 84),
(61, 'Downtown Station', 'Community center perfect for gatherings of all typ', 13, 85),
(62, 'The Old School House', 'Restored school house with tasting rooms ready for', 14, 86),
(63, 'St. Brenan Church', ' Repurposed church with ancient stained glass read', 15, 87),
(64, 'Pine Lane Manor', 'Bed and breakfast with event space', 16, 88),
(65, 'The Long Table', 'Viking themed event space with oversized everythin', 17, 89),
(66, 'Chickadee Perch', 'Small private gathering space, nestled atop a remo', 18, 90),
(67, 'Cowboy Street Park', 'Cowboy themed event space with historic exhibits', 19, 91),
(68, 'Norfolk Lane Park', 'Beautiful trees with outdoor covered gathering are', 20, 92),
(69, 'Fern Lane Outlook', 'Overlooks the beautiful fern grove', 21, 93),
(70, 'Lynnwood Whiskey', 'Distillery with event space and tasting options', 22, 94),
(71, 'Vodka Street', 'Vodka distillery with event space and tasting opti', 23, 95),
(72, 'Jack Port', 'Harbor views, boat rentals, and event space', 24, 96),
(73, 'The Cabin In The Forest ', 'Nestled in the woods with plenty of room for your ', 25, 97),
(74, 'Pineview Estate', 'Sweeping lawns set against a dense forest with eve', 26, 98),
(75, 'Walnut Cabin', 'Bed and breakfast with event space', 27, 99),
(76, 'Main Street Center', 'Remodeled community center with new kitchen', 28, 100),
(77, 'Cottonwood Firehouse', 'Historic repurposed firehouse, used as a community', 29, 101),
(78, 'St Francis Church', 'Repurposed church with ancient stained glass ready', 30, 102),
(79, 'Biscuit Biscuit Biscuit', 'Country themed bed and breakfast with large restor', 31, 103),
(80, 'Pinehurst Florist', 'Florist with fully functional event space,', 32, 104),
(81, 'Pansy Pansy Pansy', 'Community garden with event space', 33, 105),
(82, 'Dandy Ann Manor', 'Nestled in the woods with plenty of room for your ', 34, 106),
(83, 'Butterfly Street Estate', 'Nestled in the woods with plenty of room for your ', 35, 1),
(84, 'Crater Lake Park', 'Sweeping lawns set against a dense forest with eve', 36, 2),
(85, 'The Farm At The End Of The Road', 'Restored farm with petting zoo and event space', 37, 3),
(86, 'The Pumpkin Patch', 'Stunning grounds with pumpkin patch perfect for pi', 38, 4),
(87, 'Beaker Street Caf', 'Science themed caf perfect for all events', 39, 5),
(88, 'Baker Lane Station', 'Restored bakery', 40, 6),
(89, 'The Zullo Road Cabin', 'Sweeping lawns set against a dense forest with eve', 41, 7),
(90, 'The Apple Barn', 'Apple orchards with stunning event spaces indoor a', 42, 8),
(91, 'Peach Tree Overlook', 'Overlooks the beautiful peach orchards', 43, 9),
(92, 'The Biscuit Den', 'Restored bakery', 44, 10),
(93, 'The Plant Shop', 'Greenhouse with event space', 45, 11),
(94, 'Snow Lane', 'Mountain top event space with snow park', 46, 12),
(95, 'Elk Ridge Manor', 'Stunning trees with lots of privacy for all your e', 47, 13),
(96, 'Dandy Lane', 'Restored farm with petting zoo and event space', 48, 14),
(97, 'Fish Lake Park', 'Bed and breakfast with event space', 49, 15),
(98, 'Cougar Park', 'Cougar sanctuary with event space', 50, 16),
(99, 'Snake Field', 'Snake rehabilitation center with event space', 51, 17),
(100, 'Blueberry Lane Estate', 'Sweeping lawns set against a dense forest with eve', 52, 18),
(101, '4th Avenue Theater', 'Restored theater with plenty of room for your next', 53, 19),
(102, '6th Street Station', 'Newly remodeled community center', 54, 20),
(103, 'Rattlesnake Emporium', 'Private zoo with event space', 55, 21),
(104, 'The Blue House', 'Old farm house with fully remodeled kitchen', 56, 22),
(105, 'Lamp Post Lane', 'Learn out the history of lamp posts with enjoying ', 57, 23),
(106, 'The Wild Garden', 'Private zoo with botanical garden perfect for ever', 58, 24),
(107, 'Eagle Point', 'Stunning golf course with club house', 59, 25);

-- --------------------------------------------------------

--
-- Table structure for table `Item`
--

CREATE TABLE IF NOT EXISTS `Item` (
  `ItemID` int(11) NOT NULL AUTO_INCREMENT,
  `Price` int(11) DEFAULT NULL,
  `ItemName` varchar(50) NOT NULL,
  `ItemTypeID` int(11) NOT NULL,
  PRIMARY KEY (`ItemID`),
  KEY `ItemTypeID` (`ItemTypeID`)
) ENGINE=MyISAM AUTO_INCREMENT=84 DEFAULT CHARSET=latin1;

--
-- Dumping data for table `Item`
--

INSERT INTO `Item` (`ItemID`, `Price`, `ItemName`, `ItemTypeID`) VALUES
(1, 7, 'Hot Pepper Raspberry Cheese Ball', 1),
(2, 9, 'Hot Pepper Peach Cheese Ball', 1),
(3, 6, 'Bacon Wrapped Dates', 1),
(4, 6, 'Mini Ham Balls', 1),
(5, 5, 'Shrimp Cocktail', 1),
(6, 8, 'Stuffed Mushrooms', 1),
(7, 6, 'Fletch of Smoked Salmon', 1),
(8, 5, 'Prime Rib Bites', 1),
(9, 4, 'Meat & Cheese Tray', 1),
(10, 6, 'Fruit Platter', 1),
(11, 9, 'Veggie Platter with Dip', 1),
(12, 9, 'Assorted Cheese & Crackers', 1),
(13, 9, 'Mini Sub Sandwiches', 1),
(14, 5, 'Mexican Pinwheels', 1),
(15, 8, 'Italian Pinwheels', 1),
(16, 8, 'Greek Pinwheels', 1),
(17, 7, 'Cream Puffs w/Chicken Salad', 1),
(18, 7, 'Cream Puffs', 1),
(19, 8, 'Mini Eclairs', 1),
(20, 8, 'Mini Cheesecakes', 1),
(21, 8, 'Chocolate Dipped (Strawberries, Pretzels, ect.) ', 1),
(22, 20, 'Grilled Steak', 2),
(23, 25, 'Prime Rib', 2),
(24, 15, 'Roast Beef w/Gravy', 2),
(25, 15, 'Turkey Breast w/Gravy', 2),
(26, 17, 'Boneless Pork BBQ Ribs', 2),
(27, 20, 'Oven Baked Chicken', 2),
(28, 13, 'Grilled Chicken Breast', 2),
(29, 14, 'Tender Baron of Beef', 2),
(30, 12, 'Grilled Atlantic Salmon', 2),
(31, 15, 'Ham Balls', 2),
(32, 30, 'Whole Roasted Hawaiian Hog BBQ Chicken', 2),
(33, 19, 'Texas-Style Smoked Brisquet', 2),
(34, 21, 'Marinated Smoked Pork Loin w/Glaze', 2),
(35, 8, 'Baked Potatoes', 3),
(36, 11, 'Mashed Potatoes/Gravy', 3),
(37, 10, 'Garlic Mashed Potatoes', 3),
(38, 9, 'Creamed Red Potatoes', 3),
(39, 9, 'Dutch Oven Potatoes', 3),
(40, 9, 'Potato Salad', 3),
(41, 2, 'Steamed Mixed Veggies', 4),
(42, 3, 'Green Beans w/ Bacon', 4),
(43, 5, 'Frozen Peas & Baby Carrots', 4),
(44, 5, 'Glazed Carrots', 4),
(45, 5, 'Roasted Asparagus', 4),
(46, 5, 'Roasted Vegetable Medley', 4),
(47, 6, 'Country Red Potato', 7),
(48, 6, 'Tonys Italian Pasta', 7),
(49, 8, 'Macaroni', 7),
(50, 7, 'Carved Melon/Fruit Bowl', 7),
(51, 7, 'Strawberry/Romaine', 7),
(52, 7, 'Garden Salad', 7),
(53, 7, 'Chopped Broccoli Salad', 7),
(54, 8, 'Black Cherry Tapioca Jello', 7),
(55, 8, 'Creamy Pea Salad', 7),
(56, 1, 'Asst. Canned Pop', 8),
(57, 1, 'Ice Water', 8),
(58, 1, 'Coffee', 8),
(59, 1, 'Tea', 8),
(60, 3, 'Hot Chocolate', 8),
(61, 4, 'Del Monte Slush Punch', 8),
(62, 4, 'Apple Pie', 5),
(63, 3, 'Pumpkin Pie', 5),
(64, 3, 'Berry Pie', 5),
(65, 4, 'Asst. Cream Pie (Banana, Coconut & Chocolate)', 5),
(66, 4, 'Jumble Berry Cobbler w/Ice Cream', 5),
(67, 2, 'Peach Cobbler w/Ice Cream', 5),
(68, 3, 'Cheesecake w/ Topping', 5),
(69, 4, 'Cream Cake w/Fruit Topping', 5),
(70, 5, 'Wedding Cake', 5),
(71, 3, 'Ice Cream Sundaes', 5),
(72, 2, 'Party Plates & Napkins', 10),
(73, 3, 'Dinnerware & Napkins', 10),
(74, 1, 'Dinner Rolls w/Butter', 10),
(75, 3, 'Wine', 9),
(76, 2, 'Beer', 9),
(77, 3, 'Champagne', 9),
(78, 15, '#1-Enchilada Meal', 6),
(79, 14, '#2-Taco Salad or chef Salad Meal', 6),
(80, 12, '#3-Sub Sandwich Meal', 6),
(81, 15, '#4-Pulled Pork BBQ Sandwich Meal', 6),
(82, 16, '#5-Chilli & Cornmeal Meal', 6),
(83, 12, '#6-Soup & Salad', 6);

-- --------------------------------------------------------

--
-- Table structure for table `ItemType`
--

CREATE TABLE IF NOT EXISTS `ItemType` (
  `ItemTypeID` int(11) NOT NULL AUTO_INCREMENT,
  `ItemTypeCode` varchar(24) DEFAULT NULL,
  PRIMARY KEY (`ItemTypeID`)
) ENGINE=MyISAM AUTO_INCREMENT=11 DEFAULT CHARSET=latin1;

--
-- Dumping data for table `ItemType`
--

INSERT INTO `ItemType` (`ItemTypeID`, `ItemTypeCode`) VALUES
(1, 'Hor d oeuvres'),
(2, 'Entre'),
(3, 'Potato Dish'),
(4, 'Vegetable Dish'),
(5, 'Dessert'),
(6, 'Lunch Meal'),
(7, 'Salad'),
(8, 'Non-Alcoholic Beverage'),
(9, 'Alcoholic Beverage'),
(10, 'Miscellaneous');

-- --------------------------------------------------------

--
-- Table structure for table `Location`
--

CREATE TABLE IF NOT EXISTS `Location` (
  `LocationID` int(11) NOT NULL AUTO_INCREMENT,
  `AddressLine1` varchar(48) NOT NULL,
  `AddressLine2` varchar(50) DEFAULT NULL,
  `CityName` varchar(50) DEFAULT NULL,
  `StateCode` varchar(3) DEFAULT NULL,
  `PostalCode` int(11) DEFAULT NULL,
  PRIMARY KEY (`LocationID`),
  KEY `StateCode` (`StateCode`)
) ENGINE=MyISAM AUTO_INCREMENT=107 DEFAULT CHARSET=latin1;

--
-- Dumping data for table `Location`
--

INSERT INTO `Location` (`LocationID`, `AddressLine1`, `AddressLine2`, `CityName`, `StateCode`, `PostalCode`) VALUES
(1, '369 Butterfly St', '#7', 'Pocatello', 'ID', 83530),
(2, '014 Crater Ave', '#9', 'Lewiston', 'ID', 83531),
(3, '001 Avocado Rd', '#2', 'Clarkston', 'WA', 83542),
(4, '752 Pumpkin Ln', '#947', 'Pullman', 'WA', 68592),
(5, '185 Beaker Rd', '#324', 'Seattle', 'WA', 98075),
(6, '627 Baker Rd', '#659', 'Woodinville', 'WA', 98072),
(7, '951 Zullo Rd', '#301', 'Kirkland', 'WA', 98211),
(8, '152 Apple ST', NULL, 'Shoreline', 'WA', 98074),
(9, '458 Peach Ave', NULL, 'Everett', 'WA', 98702),
(10, '369 Biscuit Dr', NULL, 'Renton', 'WA', 92510),
(11, '027 1st St', NULL, 'Snohomish', 'WA', 60259),
(12, '4 Snow Ct', NULL, 'Lynnwood', 'WA', 41258),
(13, '361 Elk Ridge RD', NULL, 'Kingston', 'WA', 62154),
(14, '204 Dandy Ave', NULL, 'Lenore', 'ID', 32615),
(15, '258 Fish St', NULL, 'Cottonwood', 'ID', 32158),
(16, '468 Cougar Rd', NULL, 'Troy', 'ID', 95146),
(17, '148 Snake Ct', NULL, 'Harpster', 'ID', 65825),
(18, '352 2nd St', NULL, 'Riggins', 'ID', 26458),
(19, '748 4th Ave', NULL, 'Pinehurst', 'ID', 25164),
(20, '52 6th St', NULL, 'Boise', 'ID', 65825),
(21, '39 Rattlesnake Ridge Rd', NULL, 'Walla Walla', 'WA', 21458),
(22, '225 Hagrid St', NULL, 'Yakima', 'WA', 26352),
(23, '475 Fir Ave', NULL, 'Sunshine', 'WA', 20125),
(24, '220 Cedar Dr', NULL, 'Colton', 'WA', 12548),
(25, '694 Blue Mountain Dr', NULL, 'Uniontown', 'WA', 20654),
(26, '024 Maple St', NULL, 'Lewiston', 'ID', 32150),
(27, '657 Peach Ave', NULL, 'Clarkston', 'WA', 30265),
(28, '105 Apple Rd', NULL, 'Seattle', 'WA', 95801),
(29, '487 Pear Rd', NULL, 'Renton', 'WA', 65748),
(30, '485 Rever Ave', NULL, 'Everett', 'WA', 20548),
(31, '845 Hanlin Rd', NULL, 'Snohomish', 'WA', 15478),
(32, '749 Kochanski Rd', NULL, 'Lynnwood', 'WA', 21058),
(33, '336 Parsons Ln', NULL, 'Cottonwood', 'ID', 69581),
(34, '251 Lund Rd', NULL, 'Troy', 'ID', 20154),
(35, '581 Kool St', NULL, 'Everett', 'WA', 48568),
(36, '648 Sung Rd', NULL, 'Shoreline', 'WA', 51025),
(37, '026 Zander Ave', NULL, 'Woodinville', 'WA', 30125),
(38, '157 Stiber Rd', NULL, 'Kirkland', 'WA', 52012),
(39, '358 Kim Ln', NULL, 'Kingston', 'WA', 65942),
(40, '015 Socha Rd', NULL, 'Riggins', 'ID', 62591),
(41, '258 Jackels Rd', NULL, 'Lynnwood', 'WA', 30254),
(42, '167 Ferring Ave', NULL, 'Clarkston', 'WA', 20156),
(43, '954 Retik Rd', NULL, 'Shoreline', 'WA', 54876),
(44, '326 Fukuda St', NULL, 'Troy', 'ID', 45864),
(45, '485 Erdly Rd', NULL, 'Lynnwood', 'WA', 59456),
(46, '924 Pisan Rd', NULL, 'Everett', 'WA', 25486),
(47, '356 Peng Ave', NULL, 'Seattle', 'WA', 12454),
(48, '147 Dupuis Rd', NULL, 'Cottonwood', 'ID', 36591),
(49, '258 Dimpsey', NULL, 'Snohomish', 'WA', 32456),
(50, '325 Olson Ln', NULL, 'Kirkland', 'WA', 15247),
(51, '369 Chen Rd', NULL, 'Woodinville', 'WA', 20125),
(52, '157 Anderson Rd', NULL, 'Lewiston', 'ID', 24576),
(53, '245 Kool St', NULL, 'Lynnwood', 'WA', 95753),
(54, '206 Steger Rd', NULL, 'Kingston', 'WA', 25478),
(55, '270 Lin Ave', NULL, 'Seattle', 'WA', 98073),
(56, '901 Blue Bird Ln', NULL, 'Seattle', 'WA', 98705),
(57, '512 Mulberry St', NULL, 'Lynnwood', 'WA', 41258),
(58, '651 Park Ave', NULL, 'Seattle', 'WA', 98075),
(59, '654 Airport Ave', NULL, 'Everett', 'WA', 98702),
(60, '15 Camp St', NULL, 'Shoreline', 'WA', 98074),
(61, '685 Danish Rd', NULL, 'Kirkland', 'WA', 98211),
(62, '896 Bay St', NULL, 'Woodinville', 'WA', 98072),
(63, '321 Barn St', NULL, 'Lewiston', 'ID', 83531),
(64, '654 Corn Ave', NULL, 'Clarkston', 'WA', 83542),
(65, '987 Dock Rd', NULL, 'Riggins', 'ID', 26458),
(66, '758 Gold St', NULL, 'Riggins', 'ID', 26458),
(67, '259 Flower St', NULL, 'Pocatello', 'ID', 83530),
(68, '247 Hazel St', NULL, 'Pullman', 'WA', 68592),
(69, '325 Ida Rd', NULL, 'Colton', 'WA', 12548),
(70, '210 Forest St', NULL, 'Harpster', 'ID', 65825),
(71, '235 Woodstock St', NULL, 'Troy', 'ID', 95146),
(72, '625 Wall Ave', NULL, 'Lynnwood', 'WA', 41258),
(73, '654 Walden St', NULL, 'Pinehurst', 'ID', 25164),
(74, '859 Silver Rd', NULL, 'Snohomish', 'WA', 60259),
(75, '321 Crescent St', NULL, 'Cottonwood', 'ID', 32158),
(76, '654 Swamp Rd', NULL, 'Sunshine', 'WA', 20125),
(77, '656 Rail St', NULL, 'Yakima', 'WA', 26352),
(78, '514 Port Ave', NULL, 'Walla Walla', 'WA', 21458),
(79, '256 Trout Ave', NULL, 'Boise', 'ID', 65825),
(80, '244 Steelhead Rd', NULL, 'Pocatello', 'ID', 83530),
(81, '210 Grouse Rd', NULL, 'Seattle', 'WA', 98075),
(82, '748 Bull Ave', NULL, 'Harpster', 'ID', 65825),
(83, '102 Hen St', NULL, 'Pocatello', 'ID', 83530),
(84, '103 Old Lucy St', NULL, 'Seattle', 'WA', 98075),
(85, '155 Main St', NULL, 'Seattle', 'WA', 98075),
(86, '244 School Ave', NULL, 'Seattle', 'WA', 98075),
(87, '266 Hospital Ave', NULL, 'Seattle', 'WA', 98075),
(88, '145 Pine St', NULL, 'Harpster', 'ID', 65825),
(89, '995 Long St', NULL, 'Pocatello', 'ID', 83530),
(90, '636 Chickadee Rd', NULL, 'Lynnwood', 'WA', 41258),
(91, '668 Cowboy Ave', NULL, 'Pocatello', 'ID', 83530),
(92, '748 Norfolk Ave', NULL, 'Lynnwood', 'WA', 41258),
(93, '458 Fern Rd', NULL, 'Harpster', 'ID', 65825),
(94, '411 Whiskey St', NULL, 'Lynnwood', 'WA', 41258),
(95, '125 Bourbon St', NULL, 'Lynnwood', 'WA', 41258),
(96, '126 Jack Ave', NULL, 'Harpster', 'ID', 65825),
(97, '127 Forest Ave', NULL, 'Cottonwood', 'ID', 32158),
(98, '14 Pine St', NULL, 'Cottonwood', 'ID', 32158),
(99, '111 Walnut St', NULL, 'Harpster', 'ID', 65825),
(100, '222 Main Ave', NULL, 'Cottonwood', 'ID', 32158),
(101, '888 Firehouse Rd', NULL, 'Cottonwood', 'ID', 32158),
(102, '666 James St', NULL, 'Cottonwood', 'ID', 32158),
(103, '117 Biscuit Ave', NULL, 'Cottonwood', 'ID', 32158),
(104, '994 Flower Rd', NULL, 'Pinehurst', 'ID', 25164),
(105, '337 Pansy Ave', NULL, 'Pinehurst', 'ID', 25164),
(106, '224 Dandy St', NULL, 'Pinehurst', 'ID', 25164);

-- --------------------------------------------------------

--
-- Table structure for table `Name`
--

CREATE TABLE IF NOT EXISTS `Name` (
  `NameID` int(11) NOT NULL AUTO_INCREMENT,
  `FirstName` varchar(50) NOT NULL,
  `LastName` varchar(50) DEFAULT NULL,
  PRIMARY KEY (`NameID`)
) ENGINE=MyISAM AUTO_INCREMENT=107 DEFAULT CHARSET=latin1;

--
-- Dumping data for table `Name`
--

INSERT INTO `Name` (`NameID`, `FirstName`, `LastName`) VALUES
(1, 'Amy', 'Smith'),
(2, 'Bert', 'Williams'),
(3, 'Cary', 'Johnson'),
(4, 'David', 'Davis'),
(5, 'Elliot', 'Miller'),
(6, 'Fran', 'Jones'),
(7, 'Grace', 'Allen'),
(8, 'Henry', 'Brown'),
(9, 'Elliot', 'Mac'),
(10, 'Fran', 'James'),
(11, 'Grace', 'Alex'),
(12, 'Henry', 'Bruin'),
(13, 'Ian', 'Green'),
(14, 'Jake', 'Bryan'),
(15, 'Kane', 'Brown'),
(16, 'Luke', 'Smith'),
(17, 'Mary', 'Johnson'),
(18, 'Nico', 'Taylor'),
(19, 'Oliver', 'Wilson'),
(20, 'Peter', 'Anderson'),
(21, 'Quintin', 'Thomas'),
(22, 'Robin', 'Moore'),
(23, 'Stevie', 'Clark'),
(24, 'Taylor', 'Lewis'),
(25, 'Ursula', 'Lee'),
(26, 'Veronica', 'Jackson'),
(27, 'Wyatt', 'Walker'),
(28, 'Xara', 'King'),
(29, 'Yessica', 'Wright'),
(30, 'Zane', 'Smith'),
(31, 'Alice', 'Jones'),
(32, 'Benjamin', 'Allen'),
(33, 'Colin', 'Scott'),
(34, 'Dennis', 'Harris'),
(35, 'Elijah', 'Clark'),
(36, 'Fred', 'Thompson'),
(37, 'Gavin', 'Lee'),
(38, 'Hank', 'Martin'),
(39, 'Isan', 'Miller'),
(40, 'James', 'Davis'),
(41, 'Kate', 'Wilson'),
(42, 'Larry', 'Anderson'),
(43, 'Mo', 'Taylor'),
(44, 'Nate', 'Thomas'),
(45, 'Oakley', 'Jackson'),
(46, 'Percy', 'Martin'),
(47, 'Quade', 'Jones'),
(48, 'Ryan', 'Brown'),
(49, 'Sally', 'White'),
(50, 'Tucker', 'Green'),
(51, 'Uma', 'Thurman'),
(52, 'Victor', 'Krumm'),
(53, 'Waldo', 'Potter'),
(54, 'Xander', 'Thomas'),
(55, 'Yaro', 'Moore'),
(56, 'Zeek', 'Taylor'),
(57, 'Arthur', 'Martin'),
(58, 'Martin', 'Chatwin'),
(59, 'Jane', 'Chatwin'),
(60, 'Margret', 'Jones'),
(61, 'Nevill', 'Smith'),
(62, 'Harry', 'Weasley'),
(63, 'Aaron', 'Barnes'),
(64, 'Ben', 'Fisher'),
(65, 'Calvin', 'Butler'),
(66, 'Dale', 'Bell'),
(67, 'Elenore', 'Bell'),
(68, 'Fay', 'Sullivan'),
(69, 'Garth', 'Hamilton'),
(70, 'Howard', 'Alexander'),
(71, 'Ivan', 'Griffin'),
(72, 'Jim', 'Cole'),
(73, 'Kaleb', 'Gibson'),
(74, 'Larry', 'Smith'),
(75, 'Mark', 'Jones'),
(76, 'Neil', 'Green'),
(77, 'Opal', 'Taylor'),
(78, 'Pearl', 'Thomas'),
(79, 'Quincy', 'Owens'),
(80, 'Ryan', 'Stevens'),
(81, 'Steve', 'Bryant'),
(82, 'Todd', 'Foster'),
(83, 'Greg', 'James'),
(84, 'Fiona', 'Wood'),
(85, 'Lily', 'Watson'),
(86, 'Susan', 'Russel'),
(87, 'Andrew', 'Perry'),
(88, 'Perry', 'Powell'),
(89, 'Ruth', 'Meyers'),
(90, 'Nancy', 'Gray'),
(91, 'May', 'Kelly'),
(92, 'Jamie', 'Reed'),
(93, 'Heather', 'Cooper'),
(94, 'Abby', 'Reid'),
(95, 'Bertha', 'Peterson'),
(96, 'Cali', 'Howard'),
(97, 'Duke', 'Jones'),
(98, 'Frank', 'Smith'),
(99, 'Gemma', 'Baker'),
(100, 'Harry', 'Phillips'),
(101, 'Joan', 'Campbell'),
(102, 'Katie', 'Boon'),
(103, 'Lucy', 'Moore'),
(104, 'Peter', 'Thomas'),
(105, 'Fletcher', 'Taylor'),
(106, 'Gene', 'Martin');

-- --------------------------------------------------------

--
-- Table structure for table `PhoneType`
--

CREATE TABLE IF NOT EXISTS `PhoneType` (
  `PhoneTypeID` int(11) NOT NULL AUTO_INCREMENT,
  `PhoneCode` char(10) DEFAULT NULL,
  PRIMARY KEY (`PhoneTypeID`)
) ENGINE=MyISAM AUTO_INCREMENT=5 DEFAULT CHARSET=latin1;

--
-- Dumping data for table `PhoneType`
--

INSERT INTO `PhoneType` (`PhoneTypeID`, `PhoneCode`) VALUES
(1, 'Home'),
(2, 'Office'),
(3, 'Mobile'),
(4, 'Fax');

-- --------------------------------------------------------

--
-- Table structure for table `Provider`
--

CREATE TABLE IF NOT EXISTS `Provider` (
  `ProviderID` int(11) NOT NULL AUTO_INCREMENT,
  `ProviderCode` char(10) NOT NULL,
  PRIMARY KEY (`ProviderID`)
) ENGINE=MyISAM AUTO_INCREMENT=4 DEFAULT CHARSET=latin1;

--
-- Dumping data for table `Provider`
--

INSERT INTO `Provider` (`ProviderID`, `ProviderCode`) VALUES
(1, 'Caterer'),
(2, 'Customer'),
(3, 'Facility');

-- --------------------------------------------------------

--
-- Table structure for table `State`
--

CREATE TABLE IF NOT EXISTS `State` (
  `StateCode` varchar(3) NOT NULL,
  PRIMARY KEY (`StateCode`)
) ENGINE=MyISAM DEFAULT CHARSET=latin1;

--
-- Dumping data for table `State`
--

INSERT INTO `State` (`StateCode`) VALUES
('AR'),
('AZ'),
('CA'),
('CO'),
('IA'),
('ID'),
('KS'),
('MT'),
('ND'),
('NE'),
('NM'),
('NV'),
('OK'),
('OR'),
('SD'),
('TX'),
('UT'),
('WA'),
('WY');
COMMIT;

/*!40101 SET CHARACTER_SET_CLIENT=@OLD_CHARACTER_SET_CLIENT */;
/*!40101 SET CHARACTER_SET_RESULTS=@OLD_CHARACTER_SET_RESULTS */;
/*!40101 SET COLLATION_CONNECTION=@OLD_COLLATION_CONNECTION */;
