-- phpMyAdmin SQL Dump
-- version 5.0.2
-- https://www.phpmyadmin.net/
--
-- Host: vergil.u.washington.edu:63050
-- Generation Time: Mar 03, 2021 at 03:49 PM
-- Server version: 5.6.39
-- PHP Version: 7.2.23

SET SQL_MODE = "NO_AUTO_VALUE_ON_ZERO";
START TRANSACTION;
SET time_zone = "+00:00";


/*!40101 SET @OLD_CHARACTER_SET_CLIENT=@@CHARACTER_SET_CLIENT */;
/*!40101 SET @OLD_CHARACTER_SET_RESULTS=@@CHARACTER_SET_RESULTS */;
/*!40101 SET @OLD_COLLATION_CONNECTION=@@COLLATION_CONNECTION */;
/*!40101 SET NAMES utf8mb4 */;

--
-- Database: `MatchReport`
--
CREATE DATABASE IF NOT EXISTS `MatchReport` DEFAULT CHARACTER SET latin1 COLLATE latin1_swedish_ci;
USE `MatchReport`;

-- --------------------------------------------------------

--
-- Table structure for table `AgeLevel`
--

CREATE TABLE IF NOT EXISTS `AgeLevel` (
  `AgeLevelCode` varchar(10) NOT NULL,
  `AgeLevelName` varchar(36) DEFAULT NULL,
  PRIMARY KEY (`AgeLevelCode`)
) ENGINE=MyISAM DEFAULT CHARSET=latin1;

--
-- Dumping data for table `AgeLevel`
--

INSERT INTO `AgeLevel` (`AgeLevelCode`, `AgeLevelName`) VALUES
('U19', 'players born in 1999'),
('U18', 'players born in 1998'),
('U17 ', 'players born in 2000'),
('U16', 'players born in 2001'),
('U15', 'players born in 2002'),
('U14', 'players born in 2003'),
('U13', 'players born in 2004'),
('U12', 'players born in 2005'),
('U11', 'players born in 2006'),
('U10', 'players born in 2007'),
('U9', 'players born in 2008+');

-- --------------------------------------------------------

--
-- Table structure for table `Caution`
--

CREATE TABLE IF NOT EXISTS `Caution` (
  `CautionCode` varchar(5) NOT NULL,
  `CautionCodeName` varchar(36) DEFAULT NULL,
  PRIMARY KEY (`CautionCode`)
) ENGINE=MyISAM DEFAULT CHARSET=latin1;

--
-- Dumping data for table `Caution`
--

INSERT INTO `Caution` (`CautionCode`, `CautionCodeName`) VALUES
('c1', 'Unsporting Behavior'),
('c2', 'Dissent'),
('c3', 'Persistent Infringement'),
('c4', 'Delaying a Restart of Play'),
('c5', 'Fails to Respect Required Distance'),
('c6', 'Illegally Enters Field of Play'),
('c7', 'Illegally Leaves Field of Play');

-- --------------------------------------------------------

--
-- Table structure for table `District`
--

CREATE TABLE IF NOT EXISTS `District` (
  `DistrictID` int(11) NOT NULL AUTO_INCREMENT,
  `DistrictName` varchar(36) DEFAULT NULL,
  PRIMARY KEY (`DistrictID`)
) ENGINE=MyISAM AUTO_INCREMENT=9 DEFAULT CHARSET=latin1;

--
-- Dumping data for table `District`
--

INSERT INTO `District` (`DistrictID`, `DistrictName`) VALUES
(1, 'North'),
(2, 'South'),
(3, 'East'),
(4, 'West'),
(5, 'Northwest'),
(6, 'Northeast'),
(7, 'Southeast'),
(8, 'Southwest');

-- --------------------------------------------------------

--
-- Table structure for table `Game`
--

CREATE TABLE IF NOT EXISTS `Game` (
  `MasterGameNo` int(11) NOT NULL,
  `CheckListComplete` char(1) NOT NULL,
  `GameDate` datetime DEFAULT NULL,
  `TotalTime` int(11) DEFAULT NULL,
  `FieldCode` varchar(10) DEFAULT NULL,
  `SeasonID` int(11) NOT NULL,
  `Signature` char(2) DEFAULT NULL,
  PRIMARY KEY (`MasterGameNo`),
  KEY `SeasonID` (`SeasonID`)
) ENGINE=MyISAM DEFAULT CHARSET=latin1;

--
-- Dumping data for table `Game`
--

INSERT INTO `Game` (`MasterGameNo`, `CheckListComplete`, `GameDate`, `TotalTime`, `FieldCode`, `SeasonID`, `Signature`) VALUES
(107, 'Y', '2008-04-01 00:00:00', 59, 'Fuad', 3, 'Y'),
(106, 'Y', '2007-05-25 00:00:00', 62, 'RCTC', 2, 'Y'),
(102, 'Y', '2007-05-01 00:00:00', 60, 'Watson', 2, 'Y'),
(105, 'Y', '2008-04-01 00:00:00', 59, 'Watson', 3, 'Y'),
(109, 'Y', '2007-05-16 00:00:00', 61, 'Fuad', 2, 'Y'),
(112, 'Y', '2009-04-29 00:00:00', 72, 'Fuad', 4, 'Y'),
(115, 'Y', '2010-04-03 00:00:00', 66, 'RCTC', 5, 'Y'),
(117, 'Y', '2021-05-19 00:00:00', 50, 'RCTC', 8, 'Y'),
(100, 'Y', '2006-03-31 00:00:00', 59, 'Fuad', 1, 'Y'),
(103, 'Y', '2006-05-10 00:00:00', 60, 'Watson', 1, 'Y'),
(101, 'Y', '2020-05-01 00:00:00', 59, 'Fuad', 7, 'Y'),
(104, 'Y', '2007-02-11 00:00:00', 59, 'Fuad', 2, 'Y'),
(108, 'Y', '2010-03-14 00:00:00', 61, 'RCTC', 5, 'Y'),
(110, 'Y', '2023-05-15 00:00:00', 62, 'RCTC', 9, 'Y'),
(113, 'Y', '2016-04-10 00:00:00', 66, 'Watson', 6, 'Y'),
(114, 'Y', '2018-03-24 00:00:00', 58, 'Waston', 10, 'Y'),
(116, 'Y', '2016-02-25 00:00:00', 55, 'Watson', 6, 'Y'),
(118, 'Y', '2018-01-27 00:00:00', 60, 'Watson', 10, 'Y'),
(111, 'Y', '2009-04-28 00:00:00', 72, 'Watson', 4, 'Y'),
(119, 'Y', '2020-02-20 00:00:00', 60, 'Fuad', 7, 'Y'),
(120, 'Y', '2020-03-18 00:00:00', 65, 'Watson', 7, 'Y'),
(121, 'Y', '2019-05-13 00:00:00', 59, 'RCTC', 9, 'Y'),
(122, 'Y', '2019-04-04 00:00:00', 58, 'Watson', 9, 'Y'),
(123, 'Y', '2018-02-16 00:00:00', 55, 'RCTC', 10, 'Y'),
(124, 'Y', '2018-01-31 00:00:00', 61, 'Fuad', 10, 'Y'),
(125, 'Y', '2021-05-20 00:00:00', 62, 'Watson', 8, 'Y'),
(126, 'Y', '2021-05-31 00:00:00', 63, 'Fuad', 8, 'Y'),
(127, 'Y', '2021-03-06 00:00:00', 56, 'RCTC', 8, 'Y'),
(128, 'Y', '2018-04-04 00:00:00', 60, 'RCTC', 10, 'Y'),
(129, 'Y', '2018-02-01 00:00:00', 61, 'Watson', 10, 'Y'),
(130, 'Y', '2019-03-03 00:00:00', 63, 'Fuad', 9, 'Y'),
(131, 'Y', '2019-04-22 00:00:00', 69, 'RCTC', 9, 'Y'),
(132, 'Y', '2020-04-21 00:00:00', 70, 'Watson', 7, 'Y'),
(133, 'Y', '2009-02-16 00:00:00', 64, 'Fuad', 4, 'Y'),
(134, 'Y', '2008-03-15 00:00:00', 66, 'RCTC', 3, 'Y'),
(135, 'Y', '2006-05-11 00:00:00', 62, 'Watson', 1, 'Y'),
(136, 'Y', '2007-01-10 00:00:00', 58, 'Fuad', 2, 'Y');

-- --------------------------------------------------------

--
-- Table structure for table `GameTeam`
--

CREATE TABLE IF NOT EXISTS `GameTeam` (
  `GameTeamID` int(11) NOT NULL AUTO_INCREMENT,
  `MasterGameNo` int(11) DEFAULT NULL,
  `TeamID` int(11) NOT NULL,
  `OathEvaluationFans` int(11) DEFAULT NULL,
  `OathEvaluationCoaches` int(11) DEFAULT NULL,
  `OathEvaluationPlayers` int(11) DEFAULT NULL,
  `Goals` int(11) DEFAULT NULL,
  `ProtestFlag` char(2) DEFAULT NULL,
  `HomeFlag` char(1) NOT NULL,
  PRIMARY KEY (`GameTeamID`),
  KEY `MasterGameNo` (`MasterGameNo`),
  KEY `TeamID` (`TeamID`)
) ENGINE=MyISAM AUTO_INCREMENT=75 DEFAULT CHARSET=latin1;

--
-- Dumping data for table `GameTeam`
--

INSERT INTO `GameTeam` (`GameTeamID`, `MasterGameNo`, `TeamID`, `OathEvaluationFans`, `OathEvaluationCoaches`, `OathEvaluationPlayers`, `Goals`, `ProtestFlag`, `HomeFlag`) VALUES
(1, 102, 2, 5, 5, 4, 10, 'N', 'N'),
(2, 102, 3, 5, 5, 4, 15, 'N', 'Y'),
(3, 107, 4, 4, 5, 4, 21, 'N', 'N'),
(4, 107, 1, 4, 5, 4, 16, 'N', 'Y'),
(5, 109, 6, 5, 5, 5, 9, 'N', 'N'),
(6, 106, 7, 5, 5, 5, 11, 'N', 'Y'),
(7, 109, 8, 5, 5, 5, 30, 'N', 'Y'),
(8, 106, 1, 5, 4, 5, 25, 'N', 'N'),
(9, 100, 9, 5, 5, 5, 20, 'N', 'Y'),
(10, 103, 10, 5, 5, 5, 15, 'N', 'Y'),
(11, 100, 11, 5, 5, 5, 16, 'N', 'N'),
(12, 103, 12, 5, 5, 5, 11, 'N', 'N'),
(13, 112, 13, 5, 5, 5, 1, 'N', 'N'),
(14, 112, 14, 5, 5, 5, 2, 'N', 'Y'),
(15, 111, 15, 5, 5, 5, 5, 'N', 'N'),
(16, 111, 16, 5, 5, 5, 9, 'N', 'Y'),
(17, 108, 17, 5, 5, 5, 10, 'N', 'Y'),
(18, 115, 18, 5, 5, 5, 21, 'N', 'Y'),
(19, 115, 19, 5, 5, 5, 22, 'N', 'N'),
(20, 108, 20, 5, 5, 5, 26, 'N', 'N'),
(21, 116, 21, 5, 5, 5, 14, 'N', 'N'),
(22, 113, 22, 5, 5, 5, 18, 'N', 'Y'),
(23, 116, 23, 5, 5, 5, 13, 'N', 'Y'),
(24, 113, 24, 5, 5, 5, 12, 'N', 'N'),
(25, 101, 25, 5, 5, 5, 10, 'N', 'Y'),
(26, 101, 26, 5, 5, 5, 11, 'N', 'N'),
(27, 104, 2, 5, 5, 3, 3, 'N', 'N'),
(28, 104, 1, 5, 5, 3, 4, 'N', 'Y'),
(29, 105, 5, 5, 5, 5, 18, 'N', 'Y'),
(30, 105, 6, 5, 5, 5, 10, 'N', 'N'),
(31, 119, 27, 5, 5, 5, 1, 'N', 'Y'),
(32, 119, 28, 5, 5, 5, 6, 'N', 'N'),
(33, 117, 29, 5, 5, 5, 8, 'N', 'Y'),
(34, 120, 30, 5, 5, 5, 10, 'N', 'N'),
(35, 117, 31, 5, 5, 5, 15, 'N', 'N'),
(36, 120, 32, 5, 5, 5, 19, 'N', 'Y'),
(37, 121, 33, 5, 5, 5, 3, 'N', 'N'),
(38, 110, 34, 5, 5, 5, 4, 'N', 'Y'),
(39, 121, 35, 5, 5, 5, 6, 'N', 'Y'),
(40, 110, 36, 5, 5, 5, 7, 'N', 'N'),
(41, 114, 37, 5, 5, 5, 15, 'N', 'N'),
(42, 118, 38, 5, 5, 5, 20, 'N', 'N'),
(43, 118, 39, 5, 5, 5, 21, 'N', 'Y'),
(44, 114, 40, 5, 5, 5, 3, 'N', 'Y'),
(45, 122, 41, 5, 5, 5, 2, 'N', 'Y'),
(46, 122, 42, 5, 5, 5, 1, 'N', 'N'),
(47, 123, 43, 5, 5, 5, 0, 'N', 'N'),
(48, 123, 44, 5, 5, 5, 5, 'N', 'Y'),
(49, 124, 45, 5, 5, 5, 3, 'N', 'Y'),
(50, 125, 46, 5, 5, 5, 6, 'N', 'Y'),
(51, 124, 47, 5, 5, 5, 0, 'N', 'N'),
(52, 126, 48, 5, 5, 5, 1, 'N', 'N'),
(53, 126, 49, 5, 5, 5, 4, 'N', 'Y'),
(54, 125, 43, 5, 5, 5, 15, 'N', 'Y'),
(55, 127, 30, 5, 5, 5, 21, 'N', 'Y'),
(56, 127, 31, 5, 5, 5, 2, 'N', 'N'),
(57, 128, 37, 5, 5, 5, 18, 'N', 'Y'),
(58, 128, 38, 5, 5, 5, 19, 'N', 'N'),
(59, 129, 49, 5, 5, 5, 10, 'N', 'N'),
(60, 129, 48, 5, 5, 5, 3, 'N', 'Y'),
(61, 130, 36, 5, 5, 5, 25, 'N', 'N'),
(62, 130, 45, 5, 5, 5, 26, 'N', 'Y'),
(63, 131, 33, 5, 5, 5, 28, 'N', 'Y'),
(64, 131, 35, 5, 5, 5, 30, 'N', 'N'),
(65, 132, 41, 5, 5, 5, 21, 'N', 'Y'),
(66, 132, 28, 5, 5, 5, 26, 'N', 'N'),
(67, 133, 16, 5, 5, 5, 27, 'N', 'N'),
(68, 133, 13, 5, 5, 5, 20, 'N', 'Y'),
(69, 134, 5, 5, 5, 5, 24, 'N', 'N'),
(70, 134, 8, 5, 5, 5, 23, 'N', 'Y'),
(71, 135, 1, 5, 5, 5, 25, 'N', 'N'),
(72, 135, 4, 5, 5, 5, 14, 'N', 'Y'),
(73, 136, 10, 5, 5, 5, 19, 'N', 'N'),
(74, 136, 12, 5, 5, 5, 13, 'N', 'Y');

-- --------------------------------------------------------

--
-- Table structure for table `Person`
--

CREATE TABLE IF NOT EXISTS `Person` (
  `PersonID` int(11) NOT NULL AUTO_INCREMENT,
  `FirstName` varchar(36) NOT NULL,
  `LastName` varchar(36) DEFAULT NULL,
  `AddressLine1` varchar(36) DEFAULT NULL,
  `AddressLine2` varchar(36) DEFAULT NULL,
  `CityName` varchar(36) DEFAULT NULL,
  `StateCode` varchar(3) NOT NULL,
  `PostalCode` bigint(20) DEFAULT NULL,
  `PhoneNo` bigint(20) DEFAULT NULL,
  `Grade` int(11) DEFAULT NULL,
  `AgeLevelCode` varchar(10) DEFAULT NULL,
  `Member` char(1) DEFAULT NULL,
  PRIMARY KEY (`PersonID`),
  KEY `StateCode` (`StateCode`),
  KEY `AgeLevelCode` (`AgeLevelCode`)
) ENGINE=MyISAM AUTO_INCREMENT=64 DEFAULT CHARSET=latin1;

--
-- Dumping data for table `Person`
--

INSERT INTO `Person` (`PersonID`, `FirstName`, `LastName`, `AddressLine1`, `AddressLine2`, `CityName`, `StateCode`, `PostalCode`, `PhoneNo`, `Grade`, `AgeLevelCode`, `Member`) VALUES
(1, 'Finn', 'Jones', '502 2nd ST', '#A201', 'St Cloud', 'MN', 952013, 2015479514, NULL, 'U19', 'Y'),
(2, 'Evan', 'Jones', '502 2nd ST', '#A201', 'St Cloud', 'MN', 952013, 2015479514, NULL, 'U18', 'Y'),
(3, 'Earl', 'Jones', '502 2nd ST', '#A201', 'St Cloud', 'MN', 952013, 2015479514, NULL, 'U18', 'Y'),
(4, 'Mary', 'Jones', '502 2nd ST', '#A201', 'St Cloud', 'MN', 952013, 2015479514, NULL, NULL, 'Y'),
(5, 'Marco', 'Jones', '502 2nd ST', '#A201', 'St Cloud', 'MN', 952013, 2015479514, NULL, NULL, 'Y'),
(6, 'John', 'Morrison', '62251 147th CT', NULL, 'Mankato', 'MN', 62014, 4102591475, NULL, NULL, 'Y'),
(7, 'Macy', 'Davis', '982 Snow Ave', NULL, 'Fargo', 'MN', 74120, 9571025458, NULL, NULL, 'Y'),
(8, 'Mike', 'Davis', '982 Snow Ave', NULL, 'Fargo', 'MN', 74120, 9571025458, NULL, NULL, 'Y'),
(9, 'Mabel', 'Lewis', '123 Dandy Lane', NULL, 'Duluth', 'MN', 20154, 2010003652, NULL, NULL, 'Y'),
(10, 'Joe', 'Jackson', '858 Biscuit PL', NULL, 'Duluth', 'MN', 20154, 2016582147, NULL, NULL, 'Y'),
(11, 'Sarah', 'Johnson', '555 Minch RD', NULL, 'St Cloud', 'MN', 952013, 2016251478, NULL, NULL, 'Y'),
(12, 'Seth', 'Johnson', '555 Minch RD', NULL, 'St Cloud', 'MN', 952013, 2016251478, NULL, NULL, 'Y'),
(13, 'Georgina', 'King', '963 Colby ST', NULL, 'Duluth', 'MN', 20154, 2016957412, NULL, NULL, 'Y'),
(14, 'George', 'King', '963 Colby ST', NULL, 'Duluth', 'MN', 20154, 2016957412, NULL, NULL, 'Y'),
(15, 'Valerie', 'Thomas', '504 2nd ST', NULL, 'St Cloud', 'MN', 952013, 2019481254, NULL, NULL, 'Y'),
(16, 'Fred', 'Taylor', '625 Snowman ST', NULL, 'Duluth', 'MN', 20154, 2018542014, NULL, NULL, 'Y'),
(17, 'Cady', 'Anderson', '415 Robin Lane', NULL, 'Duluth', 'MN', 20154, 2010215486, NULL, NULL, 'Y'),
(18, 'Merlin', 'Martin', '417 Cherry Lane', NULL, 'Mankato', 'MN', 62014, 4109501203, NULL, NULL, 'Y'),
(19, 'Hailey', 'Lopez', '421 Cherry Lane', NULL, 'Mankato', 'MN', 62014, 4104152015, NULL, NULL, 'Y'),
(20, 'Hale', 'Brown', '667 Apple RD', NULL, 'Mankato', 'MN', 62014, 4106952478, NULL, NULL, 'Y'),
(21, 'Ken', 'Smith', '665 Apple RD', NULL, 'Mankato', 'MN', 62014, 4107485126, NULL, NULL, 'Y'),
(22, 'Marco', 'Williams', '444 Mican PL', NULL, 'St Cloud', 'MN', 952013, 2016958412, NULL, NULL, 'Y'),
(23, 'Nate', 'Billet', '448 Keller Rd', NULL, 'Duluth', 'MN', 20154, 2010123657, NULL, NULL, 'Y'),
(24, 'Callahan', 'Morrison', '62251 147th CT', NULL, 'Mankato', 'MN', 62014, 4102591475, NULL, 'U19', 'Y'),
(25, 'Gavin', 'Lewis', '123 Dandy Lane', NULL, 'Duluth', 'MN', 20154, 2010003652, NULL, 'U16', 'Y'),
(26, 'Walter', 'Jackson', '858 Biscuit PL', NULL, 'Duluth', 'MN', 20154, 2016582147, NULL, 'U19', 'Y'),
(27, 'Ben', 'Jackson', '858 Biscuit PL', NULL, 'Duluth', 'MN', 20154, 2016582147, NULL, 'U17', 'Y'),
(28, 'Peter', 'Johnson', '555 Minch RD', NULL, 'St Cloud', 'MN', 952013, 2016251478, NULL, 'U19', 'Y'),
(29, 'Cash', 'King', '963 Colby ST', NULL, 'Duluth', 'MN', 20154, 2016957412, NULL, 'U15', 'Y'),
(30, 'Aaron', 'Thomas', '504 2nd ST', NULL, 'St Cloud', 'MN', 952013, 2019481254, NULL, 'U17', 'Y'),
(31, 'Vaughn', 'Thomas', '504 2nd ST', NULL, 'St Cloud', 'MN', 952013, 2019481254, NULL, 'U19', 'Y'),
(32, 'Dallon', 'Taylor', '625 Snowman ST', NULL, 'Duluth', 'MN', 20154, 2018542014, NULL, 'U9', 'Y'),
(33, 'Van', 'Anderson', '415 Robin Lane', NULL, 'Duluth', 'MN', 20154, 2010215486, NULL, 'U17', 'Y'),
(34, 'Mason', 'Anderson', '415 Snowman ST', NULL, 'Duluth', 'MN', 20154, 2010215486, NULL, 'U19', 'Y'),
(35, 'Bill', 'Martin', '417 Cherry Lane', NULL, 'Mankato', 'MN', 62014, 4109501203, NULL, 'U16', 'Y'),
(36, 'Kenny', 'Martin', '417 Cherry Lane', NULL, 'Mankato', 'MN', 62014, 4109501203, NULL, 'U15', 'Y'),
(37, 'Henry', 'Lopez', '421 Cherry Lane', NULL, 'Mankato', 'MN', 62014, 4104152015, NULL, 'U19', 'Y'),
(38, 'Zane', 'Lopez', '421 Cherry Lane', NULL, 'Mankato', 'MN', 62014, 4104152015, NULL, 'U18', 'Y'),
(39, 'Oliver', 'Brown', '667 Apple RD', NULL, 'Mankato', 'MN', 62014, 4106952478, NULL, 'U19', 'Y'),
(40, 'Kalin', 'Smith', '665 Apple RD', NULL, 'Mankato', 'MN', 62014, 4107485126, NULL, 'U9', 'Y'),
(41, 'Alex', 'Smith', '665 Apple RD', NULL, 'Mankato', 'MN', 62014, 4107485126, NULL, 'U19', 'Y'),
(42, 'Pablo', 'Williams', '444 Mican PL', NULL, 'St Cloud', 'MN', 952013, 2016958412, NULL, 'U19', 'Y'),
(43, 'Matthew', 'Garcia', '748 David ST', NULL, 'Duluth', 'MN', 20154, 2015927415, NULL, 'U19', 'Y'),
(44, 'Calvin', 'Miller', '251 Lemon ST', NULL, 'Floodwood', 'MN', 520146, 2016954782, NULL, 'U9', 'Y'),
(45, 'Raymond', 'Davis', '147 Viking Way', NULL, 'Floodwood', 'MN', 520146, 2015269014, NULL, 'U9', 'Y'),
(46, 'Jake', 'Wilson', '969 Viking RD', NULL, 'Floodwood', 'MN', 520146, 2015021003, NULL, 'U19', 'Y'),
(47, 'Dakota', 'Moore', '003 Brock ST', NULL, 'Mankato', 'MN', 62014, 4104102559, NULL, 'U19', 'Y'),
(48, 'Zack', 'Billet', '448 Keller Rd', NULL, 'Duluth', 'MN', 20154, 2010123657, NULL, 'U17', 'Y'),
(49, 'Scott', 'Billet', '448 Keller Rd', NULL, 'Duluth', 'MN', 20154, 2010123657, NULL, 'U19', 'Y'),
(50, 'Bart', 'Lee', '301 Burke CT', NULL, 'Duluth', 'MN', 20154, 2010021520, NULL, 'U16', 'Y'),
(51, 'Howard', 'Clark', '310 Burke CT', NULL, 'Duluth', 'MN', 20154, 2019574130, NULL, 'U16', 'Y'),
(52, 'Gale', 'Allen', '321 Burke CT', NULL, 'Duluth', 'MN', 20154, 2012967480, NULL, 'U15', 'Y'),
(53, 'Leon', 'Walker', '322 Burke CT', NULL, 'Duluth', 'MN', 20154, 2015201478, NULL, 'U15', 'Y'),
(54, 'Shawn', 'King', '963 Colby ST', NULL, 'Duluth', 'MN', 20154, 2016957412, 7, NULL, 'Y'),
(55, 'Jimmy', 'Brown', '667 Apple RD', NULL, 'Mankato', 'MN', 62014, 4106952478, 9, NULL, 'Y'),
(56, 'Felicia', 'Hanlin', '369 Snow Lane', NULL, 'Floodwood', 'MN', 520146, 2013206274, 8, NULL, 'Y'),
(57, 'Quintin', 'Elliot', '501 Pine ST', NULL, 'Floodwood', 'MN', 520146, 2013624521, 5, NULL, 'Y'),
(58, 'Julia', 'Potter', '684 Dandy Ave', NULL, 'Duluth', 'MN', 20154, 2011452945, 6, NULL, 'Y'),
(59, 'Mark', 'Parsons', '478 Parsons ST', NULL, 'Mankato', 'MN', 62014, 4103259471, 7, NULL, 'Y'),
(60, 'Erica', 'Erdly', '748 Fir ST', NULL, 'St Cloud', 'MN', 952013, 2011267495, 8, NULL, 'Y'),
(61, 'Carson', 'Hunter', '021 Larson Lane', NULL, 'St Cloud', 'MN', 952013, 2014526154, 8, NULL, 'Y'),
(62, 'Brad', 'Hays', '489 Mankato Ave', NULL, 'Mankato', 'MN', 62014, 4106251203, 7, NULL, 'Y'),
(63, 'Dylan', 'McCarthy', '025 Gordon RD', NULL, 'Duluth', 'MN', 20154, 2017435901, 6, NULL, 'Y');

-- --------------------------------------------------------

--
-- Table structure for table `PersonGame`
--

CREATE TABLE IF NOT EXISTS `PersonGame` (
  `PersonID` int(11) NOT NULL,
  `MasterGameNo` int(11) NOT NULL,
  PRIMARY KEY (`PersonID`,`MasterGameNo`),
  KEY `MasterGameNo` (`MasterGameNo`)
) ENGINE=MyISAM DEFAULT CHARSET=latin1;

--
-- Dumping data for table `PersonGame`
--

INSERT INTO `PersonGame` (`PersonID`, `MasterGameNo`) VALUES
(1, 100),
(1, 103),
(1, 105),
(1, 107),
(1, 110),
(1, 113),
(1, 114),
(1, 116),
(1, 119),
(1, 120),
(1, 122),
(1, 124),
(1, 127),
(1, 129),
(1, 130),
(1, 132),
(1, 134),
(2, 100),
(2, 103),
(2, 105),
(2, 107),
(2, 110),
(2, 113),
(2, 114),
(2, 116),
(2, 119),
(2, 120),
(2, 122),
(2, 124),
(2, 127),
(2, 129),
(2, 130),
(2, 132),
(2, 134),
(3, 100),
(3, 103),
(3, 105),
(3, 107),
(3, 110),
(3, 113),
(3, 114),
(3, 116),
(3, 119),
(3, 120),
(3, 122),
(3, 124),
(3, 127),
(3, 129),
(3, 130),
(3, 132),
(3, 134),
(4, 100),
(4, 103),
(4, 105),
(4, 107),
(4, 110),
(4, 113),
(4, 114),
(4, 116),
(4, 119),
(4, 120),
(4, 122),
(4, 124),
(4, 127),
(4, 129),
(4, 130),
(4, 132),
(4, 134),
(5, 100),
(5, 103),
(5, 105),
(5, 107),
(5, 110),
(5, 113),
(5, 114),
(5, 116),
(5, 119),
(5, 120),
(5, 122),
(5, 124),
(5, 127),
(5, 129),
(5, 130),
(5, 132),
(5, 134),
(6, 100),
(6, 103),
(6, 108),
(6, 109),
(6, 111),
(6, 113),
(6, 115),
(6, 116),
(6, 118),
(6, 120),
(6, 122),
(6, 125),
(6, 127),
(6, 128),
(6, 130),
(6, 132),
(6, 135),
(7, 101),
(7, 104),
(7, 105),
(7, 106),
(7, 111),
(7, 112),
(7, 114),
(7, 117),
(7, 119),
(7, 121),
(7, 123),
(7, 124),
(7, 126),
(7, 128),
(7, 131),
(7, 133),
(7, 134),
(7, 136),
(8, 101),
(8, 104),
(8, 105),
(8, 106),
(8, 111),
(8, 112),
(8, 114),
(8, 117),
(8, 119),
(8, 121),
(8, 123),
(8, 124),
(8, 126),
(8, 128),
(8, 131),
(8, 133),
(8, 134),
(8, 136),
(9, 101),
(9, 102),
(9, 104),
(9, 108),
(9, 110),
(9, 112),
(9, 115),
(9, 117),
(9, 118),
(9, 121),
(9, 123),
(9, 125),
(9, 126),
(9, 129),
(9, 131),
(9, 133),
(9, 135),
(10, 101),
(10, 102),
(10, 104),
(10, 108),
(10, 110),
(10, 112),
(10, 115),
(10, 117),
(10, 118),
(10, 121),
(10, 123),
(10, 125),
(10, 126),
(10, 129),
(10, 131),
(10, 133),
(10, 135),
(11, 100),
(11, 103),
(11, 105),
(11, 107),
(11, 110),
(11, 113),
(11, 114),
(11, 116),
(11, 119),
(11, 120),
(11, 122),
(11, 124),
(11, 127),
(11, 129),
(11, 130),
(11, 132),
(11, 134),
(12, 100),
(12, 103),
(12, 105),
(12, 107),
(12, 110),
(12, 113),
(12, 114),
(12, 116),
(12, 119),
(12, 120),
(12, 122),
(12, 124),
(12, 127),
(12, 129),
(12, 130),
(12, 132),
(12, 134),
(13, 101),
(13, 102),
(13, 104),
(13, 108),
(13, 110),
(13, 112),
(13, 115),
(13, 117),
(13, 118),
(13, 121),
(13, 123),
(13, 125),
(13, 126),
(13, 129),
(13, 131),
(13, 133),
(13, 135),
(14, 101),
(14, 102),
(14, 104),
(14, 108),
(14, 110),
(14, 112),
(14, 115),
(14, 117),
(14, 118),
(14, 121),
(14, 123),
(14, 125),
(14, 126),
(14, 129),
(14, 131),
(14, 133),
(14, 135),
(15, 100),
(15, 103),
(15, 104),
(15, 105),
(15, 110),
(15, 113),
(15, 114),
(15, 116),
(15, 119),
(15, 120),
(15, 122),
(15, 124),
(15, 127),
(15, 129),
(15, 130),
(15, 132),
(15, 134),
(16, 101),
(16, 102),
(16, 104),
(16, 108),
(16, 110),
(16, 112),
(16, 115),
(16, 117),
(16, 118),
(16, 121),
(16, 123),
(16, 125),
(16, 126),
(16, 129),
(16, 131),
(16, 133),
(16, 135),
(17, 101),
(17, 102),
(17, 104),
(17, 108),
(17, 110),
(17, 112),
(17, 115),
(17, 117),
(17, 118),
(17, 121),
(17, 123),
(17, 125),
(17, 126),
(17, 129),
(17, 131),
(17, 133),
(17, 135),
(18, 100),
(18, 103),
(18, 108),
(18, 109),
(18, 111),
(18, 113),
(18, 115),
(18, 116),
(18, 118),
(18, 120),
(18, 122),
(18, 125),
(18, 127),
(18, 128),
(18, 130),
(18, 132),
(18, 135),
(19, 100),
(19, 103),
(19, 108),
(19, 109),
(19, 111),
(19, 113),
(19, 115),
(19, 116),
(19, 118),
(19, 120),
(19, 122),
(19, 125),
(19, 127),
(19, 128),
(19, 130),
(19, 132),
(19, 135),
(20, 100),
(20, 103),
(20, 108),
(20, 109),
(20, 111),
(20, 113),
(20, 115),
(20, 116),
(20, 118),
(20, 120),
(20, 122),
(20, 125),
(20, 127),
(20, 128),
(20, 130),
(20, 132),
(20, 135),
(21, 100),
(21, 103),
(21, 108),
(21, 109),
(21, 111),
(21, 113),
(21, 115),
(21, 116),
(21, 118),
(21, 120),
(21, 122),
(21, 125),
(21, 127),
(21, 128),
(21, 130),
(21, 132),
(21, 135),
(22, 100),
(22, 103),
(22, 105),
(22, 107),
(22, 110),
(22, 113),
(22, 114),
(22, 116),
(22, 119),
(22, 120),
(22, 122),
(22, 124),
(22, 127),
(22, 129),
(22, 130),
(22, 132),
(22, 134),
(23, 101),
(23, 102),
(23, 104),
(23, 108),
(23, 110),
(23, 112),
(23, 115),
(23, 117),
(23, 118),
(23, 121),
(23, 123),
(23, 125),
(23, 126),
(23, 129),
(23, 131),
(23, 133),
(23, 135),
(24, 100),
(24, 103),
(24, 108),
(24, 109),
(24, 111),
(24, 113),
(24, 115),
(24, 116),
(24, 118),
(24, 120),
(24, 122),
(24, 125),
(24, 127),
(24, 128),
(24, 130),
(24, 132),
(24, 135),
(25, 101),
(25, 102),
(25, 104),
(25, 108),
(25, 110),
(25, 112),
(25, 115),
(25, 117),
(25, 118),
(25, 121),
(25, 123),
(25, 125),
(25, 126),
(25, 129),
(25, 131),
(25, 133),
(25, 135),
(26, 101),
(26, 102),
(26, 104),
(26, 108),
(26, 110),
(26, 112),
(26, 115),
(26, 117),
(26, 118),
(26, 121),
(26, 123),
(26, 125),
(26, 126),
(26, 129),
(26, 131),
(26, 133),
(26, 135),
(27, 101),
(27, 102),
(27, 104),
(27, 108),
(27, 110),
(27, 112),
(27, 115),
(27, 117),
(27, 118),
(27, 121),
(27, 123),
(27, 125),
(27, 126),
(27, 129),
(27, 131),
(27, 133),
(27, 135),
(28, 100),
(28, 103),
(28, 105),
(28, 107),
(28, 110),
(28, 113),
(28, 114),
(28, 116),
(28, 119),
(28, 120),
(28, 122),
(28, 124),
(28, 127),
(28, 129),
(28, 130),
(28, 132),
(28, 134),
(29, 101),
(29, 104),
(29, 107),
(29, 108),
(29, 110),
(29, 112),
(29, 115),
(29, 117),
(29, 118),
(29, 121),
(29, 123),
(29, 125),
(29, 126),
(29, 129),
(29, 131),
(29, 133),
(29, 135),
(30, 100),
(30, 103),
(30, 105),
(30, 107),
(30, 110),
(30, 113),
(30, 114),
(30, 116),
(30, 119),
(30, 120),
(30, 122),
(30, 124),
(30, 127),
(30, 129),
(30, 130),
(30, 132),
(30, 134),
(31, 100),
(31, 103),
(31, 105),
(31, 107),
(31, 110),
(31, 113),
(31, 114),
(31, 116),
(31, 119),
(31, 120),
(31, 122),
(31, 124),
(31, 127),
(31, 129),
(31, 130),
(31, 132),
(31, 134),
(32, 101),
(32, 102),
(32, 104),
(32, 108),
(32, 110),
(32, 112),
(32, 115),
(32, 117),
(32, 118),
(32, 121),
(32, 123),
(32, 125),
(32, 126),
(32, 129),
(32, 131),
(32, 133),
(32, 135),
(33, 101),
(33, 102),
(33, 104),
(33, 108),
(33, 110),
(33, 112),
(33, 115),
(33, 117),
(33, 118),
(33, 121),
(33, 123),
(33, 125),
(33, 126),
(33, 129),
(33, 131),
(33, 133),
(33, 135),
(34, 101),
(34, 102),
(34, 104),
(34, 108),
(34, 110),
(34, 112),
(34, 115),
(34, 117),
(34, 118),
(34, 121),
(34, 123),
(34, 125),
(34, 126),
(34, 129),
(34, 131),
(34, 133),
(34, 135),
(35, 100),
(35, 103),
(35, 108),
(35, 109),
(35, 111),
(35, 113),
(35, 115),
(35, 116),
(35, 118),
(35, 120),
(35, 122),
(35, 125),
(35, 127),
(35, 128),
(35, 130),
(35, 132),
(35, 135),
(36, 100),
(36, 103),
(36, 108),
(36, 109),
(36, 111),
(36, 113),
(36, 115),
(36, 116),
(36, 118),
(36, 120),
(36, 122),
(36, 125),
(36, 127),
(36, 128),
(36, 130),
(36, 132),
(36, 135),
(37, 100),
(37, 103),
(37, 108),
(37, 109),
(37, 111),
(37, 113),
(37, 115),
(37, 116),
(37, 118),
(37, 120),
(37, 122),
(37, 125),
(37, 127),
(37, 128),
(37, 130),
(37, 132),
(37, 135),
(38, 100),
(38, 103),
(38, 108),
(38, 109),
(38, 111),
(38, 113),
(38, 115),
(38, 116),
(38, 118),
(38, 120),
(38, 122),
(38, 125),
(38, 127),
(38, 128),
(38, 130),
(38, 132),
(38, 135),
(39, 100),
(39, 103),
(39, 108),
(39, 109),
(39, 111),
(39, 113),
(39, 115),
(39, 116),
(39, 118),
(39, 120),
(39, 122),
(39, 125),
(39, 127),
(39, 128),
(39, 130),
(39, 132),
(39, 135),
(40, 100),
(40, 103),
(40, 108),
(40, 109),
(40, 111),
(40, 113),
(40, 115),
(40, 116),
(40, 118),
(40, 120),
(40, 122),
(40, 125),
(40, 127),
(40, 128),
(40, 130),
(40, 132),
(40, 135),
(41, 100),
(41, 103),
(41, 108),
(41, 109),
(41, 111),
(41, 113),
(41, 115),
(41, 116),
(41, 118),
(41, 120),
(41, 122),
(41, 125),
(41, 127),
(41, 128),
(41, 130),
(41, 132),
(41, 135),
(42, 100),
(42, 103),
(42, 105),
(42, 107),
(42, 110),
(42, 113),
(42, 114),
(42, 116),
(42, 119),
(42, 120),
(42, 122),
(42, 124),
(42, 127),
(42, 129),
(42, 130),
(42, 132),
(42, 134),
(43, 101),
(43, 102),
(43, 104),
(43, 108),
(43, 110),
(43, 112),
(43, 115),
(43, 117),
(43, 118),
(43, 121),
(43, 123),
(43, 125),
(43, 126),
(43, 129),
(43, 131),
(43, 133),
(43, 135),
(44, 101),
(44, 104),
(44, 105),
(44, 106),
(44, 111),
(44, 112),
(44, 114),
(44, 117),
(44, 119),
(44, 121),
(44, 123),
(44, 124),
(44, 126),
(44, 128),
(44, 131),
(44, 133),
(44, 134),
(44, 136),
(45, 101),
(45, 104),
(45, 105),
(45, 106),
(45, 111),
(45, 112),
(45, 114),
(45, 117),
(45, 119),
(45, 121),
(45, 123),
(45, 124),
(45, 126),
(45, 128),
(45, 131),
(45, 133),
(45, 134),
(45, 136),
(46, 101),
(46, 104),
(46, 105),
(46, 106),
(46, 111),
(46, 112),
(46, 114),
(46, 117),
(46, 119),
(46, 121),
(46, 123),
(46, 124),
(46, 126),
(46, 128),
(46, 131),
(46, 133),
(46, 134),
(46, 136),
(47, 100),
(47, 103),
(47, 108),
(47, 109),
(47, 111),
(47, 113),
(47, 115),
(47, 116),
(47, 118),
(47, 120),
(47, 122),
(47, 125),
(47, 127),
(47, 128),
(47, 130),
(47, 132),
(47, 135),
(48, 101),
(48, 102),
(48, 104),
(48, 108),
(48, 110),
(48, 112),
(48, 115),
(48, 117),
(48, 118),
(48, 121),
(48, 123),
(48, 125),
(48, 126),
(48, 129),
(48, 131),
(48, 133),
(48, 135),
(49, 101),
(49, 102),
(49, 104),
(49, 108),
(49, 110),
(49, 112),
(49, 115),
(49, 117),
(49, 118),
(49, 121),
(49, 123),
(49, 125),
(49, 126),
(49, 129),
(49, 131),
(49, 133),
(49, 135),
(50, 101),
(50, 102),
(50, 104),
(50, 108),
(50, 110),
(50, 112),
(50, 115),
(50, 117),
(50, 118),
(50, 121),
(50, 123),
(50, 125),
(50, 126),
(50, 129),
(50, 131),
(50, 133),
(50, 135),
(51, 101),
(51, 102),
(51, 104),
(51, 108),
(51, 110),
(51, 112),
(51, 115),
(51, 117),
(51, 118),
(51, 121),
(51, 123),
(51, 125),
(51, 126),
(51, 129),
(51, 131),
(51, 133),
(51, 135),
(52, 101),
(52, 102),
(52, 104),
(52, 108),
(52, 110),
(52, 112),
(52, 115),
(52, 117),
(52, 118),
(52, 121),
(52, 123),
(52, 125),
(52, 126),
(52, 129),
(52, 131),
(52, 133),
(52, 135),
(53, 101),
(53, 102),
(53, 104),
(53, 108),
(53, 110),
(53, 112),
(53, 115),
(53, 117),
(53, 118),
(53, 121),
(53, 123),
(53, 125),
(53, 126),
(53, 129),
(53, 131),
(53, 133),
(53, 135),
(54, 101),
(54, 102),
(54, 104),
(54, 108),
(54, 110),
(54, 112),
(54, 115),
(54, 117),
(54, 118),
(54, 121),
(54, 123),
(54, 125),
(54, 126),
(54, 129),
(54, 131),
(54, 133),
(54, 135),
(55, 100),
(55, 103),
(55, 108),
(55, 109),
(55, 111),
(55, 113),
(55, 115),
(55, 116),
(55, 118),
(55, 120),
(55, 122),
(55, 125),
(55, 127),
(55, 128),
(55, 130),
(55, 132),
(55, 135),
(56, 101),
(56, 104),
(56, 105),
(56, 106),
(56, 111),
(56, 112),
(56, 114),
(56, 117),
(56, 119),
(56, 121),
(56, 123),
(56, 124),
(56, 126),
(56, 128),
(56, 131),
(56, 133),
(56, 134),
(56, 136),
(57, 101),
(57, 104),
(57, 105),
(57, 106),
(57, 111),
(57, 112),
(57, 114),
(57, 117),
(57, 119),
(57, 121),
(57, 123),
(57, 124),
(57, 126),
(57, 128),
(57, 131),
(57, 133),
(57, 134),
(57, 136),
(58, 101),
(58, 102),
(58, 104),
(58, 108),
(58, 110),
(58, 112),
(58, 115),
(58, 117),
(58, 118),
(58, 121),
(58, 123),
(58, 125),
(58, 126),
(58, 129),
(58, 131),
(58, 133),
(58, 135),
(59, 100),
(59, 103),
(59, 108),
(59, 109),
(59, 111),
(59, 113),
(59, 115),
(59, 116),
(59, 118),
(59, 120),
(59, 122),
(59, 125),
(59, 127),
(59, 128),
(59, 130),
(59, 132),
(59, 135),
(60, 100),
(60, 103),
(60, 105),
(60, 107),
(60, 110),
(60, 113),
(60, 114),
(60, 116),
(60, 119),
(60, 120),
(60, 122),
(60, 124),
(60, 127),
(60, 129),
(60, 130),
(60, 132),
(60, 134),
(61, 100),
(61, 103),
(61, 105),
(61, 107),
(61, 110),
(61, 113),
(61, 114),
(61, 116),
(61, 119),
(61, 120),
(61, 122),
(61, 124),
(61, 127),
(61, 129),
(61, 130),
(61, 132),
(61, 134),
(62, 100),
(62, 103),
(62, 108),
(62, 109),
(62, 111),
(62, 113),
(62, 115),
(62, 116),
(62, 118),
(62, 120),
(62, 122),
(62, 125),
(62, 127),
(62, 128),
(62, 130),
(62, 132),
(62, 135),
(63, 101),
(63, 102),
(63, 104),
(63, 108),
(63, 110),
(63, 112),
(63, 115),
(63, 117),
(63, 118),
(63, 121),
(63, 123),
(63, 125),
(63, 126),
(63, 129),
(63, 131),
(63, 133),
(63, 135);

-- --------------------------------------------------------

--
-- Table structure for table `PersonGameCaution`
--

CREATE TABLE IF NOT EXISTS `PersonGameCaution` (
  `PersonID` int(11) NOT NULL,
  `MasterGameNo` int(11) NOT NULL,
  `CautionCode` varchar(5) NOT NULL,
  PRIMARY KEY (`PersonID`,`MasterGameNo`,`CautionCode`),
  KEY `MasterGameNo` (`MasterGameNo`),
  KEY `CautionCode` (`CautionCode`)
) ENGINE=MyISAM DEFAULT CHARSET=latin1;

--
-- Dumping data for table `PersonGameCaution`
--

INSERT INTO `PersonGameCaution` (`PersonID`, `MasterGameNo`, `CautionCode`) VALUES
(2, 107, 'c1'),
(3, 107, 'c7'),
(18, 109, 'c6'),
(23, 102, 'c6'),
(30, 107, 'c1'),
(33, 102, 'c1'),
(47, 109, 'c1'),
(48, 102, 'c1'),
(50, 102, 'c1');

-- --------------------------------------------------------

--
-- Table structure for table `PersonGameSendOff`
--

CREATE TABLE IF NOT EXISTS `PersonGameSendOff` (
  `PersonID` int(11) NOT NULL,
  `MasterGameNo` int(11) NOT NULL,
  `SendOffCode` varchar(5) NOT NULL,
  PRIMARY KEY (`PersonID`,`MasterGameNo`,`SendOffCode`),
  KEY `MasterGameNo` (`MasterGameNo`),
  KEY `SendOffCode` (`SendOffCode`)
) ENGINE=MyISAM DEFAULT CHARSET=latin1;

--
-- Dumping data for table `PersonGameSendOff`
--

INSERT INTO `PersonGameSendOff` (`PersonID`, `MasterGameNo`, `SendOffCode`) VALUES
(2, 107, 'e1'),
(3, 107, 'e3'),
(25, 102, 'e3'),
(29, 102, 'e1'),
(30, 107, 'e3'),
(31, 107, 'e3'),
(33, 102, 'e3');

-- --------------------------------------------------------

--
-- Table structure for table `PersonTeam`
--

CREATE TABLE IF NOT EXISTS `PersonTeam` (
  `PersonTeamID` int(11) NOT NULL AUTO_INCREMENT,
  `PersonID` int(11) NOT NULL,
  `TeamID` int(11) DEFAULT NULL,
  `RoleCode` char(10) NOT NULL,
  `JerseyNo` int(11) DEFAULT NULL,
  PRIMARY KEY (`PersonTeamID`),
  KEY `PersonID` (`PersonID`),
  KEY `TeamID` (`TeamID`)
) ENGINE=MyISAM AUTO_INCREMENT=198 DEFAULT CHARSET=latin1;

--
-- Dumping data for table `PersonTeam`
--

INSERT INTO `PersonTeam` (`PersonTeamID`, `PersonID`, `TeamID`, `RoleCode`, `JerseyNo`) VALUES
(1, 1, 2, 'PLYR', 5),
(2, 2, 2, 'PLYR', 6),
(3, 3, 2, 'PLYR', 7),
(4, 24, 1, 'PLYR', 8),
(5, 25, 3, 'PLYR', 9),
(6, 26, 3, 'PLYR', 10),
(7, 27, 3, 'PLYR', 11),
(8, 28, 2, 'PLYR', 12),
(9, 29, 3, 'PLYR', 13),
(10, 30, 2, 'PLYR', 14),
(11, 31, 2, 'PLYR', 15),
(12, 32, 3, 'PLYR', 16),
(13, 33, 3, 'PLYR', 17),
(14, 34, 2, 'PLYR', 18),
(15, 35, 1, 'PLYR', 19),
(16, 36, 1, 'PLYR', 20),
(17, 37, 1, 'PLYR', 21),
(18, 38, 1, 'PLYR', 22),
(19, 39, 1, 'PLYR', 23),
(20, 40, 1, 'PLYR', 24),
(21, 41, 1, 'PLYR', 25),
(22, 42, 2, 'PLYR', 26),
(23, 43, 3, 'PLYR', 27),
(24, 44, 4, 'PLYR', 28),
(25, 45, 4, 'PLYR', 29),
(26, 46, 4, 'PLYR', 30),
(27, 47, 1, 'PLYR', 31),
(28, 48, 3, 'PLYR', 32),
(29, 49, 3, 'PLYR', 33),
(30, 50, 3, 'PLYR', 34),
(31, 51, 3, 'PLYR', 35),
(32, 52, 3, 'PLYR', 36),
(33, 53, 3, 'PLYR', 37),
(34, 1, 6, 'PLYR', 5),
(35, 2, 6, 'PLYR', 6),
(36, 3, 6, 'PLYR', 7),
(37, 25, 7, 'PLYR', 9),
(38, 28, 6, 'PLYR', 12),
(39, 30, 6, 'PLYR', 14),
(40, 31, 6, 'PLYR', 15),
(41, 32, 7, 'PLYR', 16),
(42, 34, 6, 'PLYR', 18),
(43, 35, 5, 'PLYR', 19),
(44, 36, 5, 'PLYR', 20),
(45, 37, 5, 'PLYR', 21),
(46, 38, 5, 'PLYR', 22),
(47, 42, 6, 'PLYR', 26),
(48, 43, 7, 'PLYR', 27),
(49, 44, 8, 'PLYR', 28),
(50, 45, 8, 'PLYR', 29),
(51, 46, 8, 'PLYR', 30),
(52, 47, 5, 'PLYR', 31),
(53, 51, 7, 'PLYR', 35),
(54, 52, 7, 'PLYR', 36),
(55, 53, 7, 'PLYR', 37),
(56, 4, 2, 'ADLT', NULL),
(57, 5, 2, 'ADLT', NULL),
(58, 6, 1, 'ADLT', NULL),
(59, 7, 4, 'ADLT', NULL),
(60, 8, 4, 'ADLT', NULL),
(61, 9, 3, 'ADLT', NULL),
(62, 10, 3, 'ADLT', NULL),
(63, 11, 2, 'ADLT', NULL),
(64, 12, 2, 'ADLT', NULL),
(65, 13, 3, 'ADLT', NULL),
(66, 14, 3, 'ADLT', NULL),
(67, 15, 2, 'ADLT', NULL),
(68, 16, 3, 'ADLT', NULL),
(69, 17, 3, 'ADLT', NULL),
(70, 18, 1, 'ADLT', NULL),
(71, 19, 1, 'ADLT', NULL),
(72, 20, 1, 'ADLT', NULL),
(73, 21, 1, 'ADLT', NULL),
(74, 22, 2, 'ADLT', NULL),
(75, 23, 3, 'ADLT', NULL),
(76, 4, 6, 'ADLT', NULL),
(77, 5, 6, 'ADLT', NULL),
(78, 6, 5, 'ADLT', NULL),
(79, 7, 8, 'ADLT', NULL),
(80, 8, 8, 'ADLT', NULL),
(81, 9, 7, 'ADLT', NULL),
(82, 10, 7, 'ADLT', NULL),
(83, 11, 6, 'ADLT', NULL),
(84, 12, 6, 'ADLT', NULL),
(85, 13, 7, 'ADLT', NULL),
(86, 14, 7, 'ADLT', NULL),
(87, 15, 6, 'ADLT', NULL),
(88, 16, 7, 'ADLT', NULL),
(89, 17, 7, 'ADLT', NULL),
(90, 18, 5, 'ADLT', NULL),
(91, 19, 5, 'ADLT', NULL),
(92, 20, 5, 'ADLT', NULL),
(93, 21, 5, 'ADLT', NULL),
(94, 22, 6, 'ADLT', NULL),
(95, 23, 7, 'ADLT', NULL),
(96, 54, NULL, 'RFRE', NULL),
(97, 55, NULL, 'RFRE', NULL),
(98, 56, NULL, 'RFRE', NULL),
(99, 57, NULL, 'RFRE', NULL),
(100, 58, NULL, 'RFRE', NULL),
(101, 59, NULL, 'RFRE', NULL),
(102, 60, NULL, 'RFRE', NULL),
(103, 61, NULL, 'RFRE', NULL),
(104, 62, NULL, 'RFRE', NULL),
(105, 63, NULL, 'RFRE', NULL),
(106, 4, 6, 'ADLT', NULL),
(107, 5, 2, 'ADLT', NULL),
(108, 5, 6, 'ADLT', NULL),
(109, 6, 1, 'ADLT', NULL),
(110, 6, 5, 'ADLT', NULL),
(111, 7, 4, 'ADLT', NULL),
(112, 7, 8, 'ADLT', NULL),
(113, 8, 4, 'ADLT', NULL),
(114, 8, 8, 'ADLT', NULL),
(115, 9, 9, 'ADLT', NULL),
(116, 9, 3, 'ADLT', NULL),
(117, 10, 3, 'ADLT', NULL),
(118, 10, 7, 'ADLT', NULL),
(119, 11, 2, 'ADLT', NULL),
(120, 11, 6, 'ADLT', NULL),
(121, 12, 2, 'ADLT', NULL),
(122, 12, 6, 'ADLT', NULL),
(123, 13, 3, 'ADLT', NULL),
(124, 13, 7, 'ADLT', NULL),
(125, 14, 3, 'ADLT', NULL),
(126, 14, 7, 'ADLT', NULL),
(127, 15, 2, 'ADLT', NULL),
(128, 15, 6, 'ADLT', NULL),
(129, 16, 3, 'ADLT', NULL),
(130, 16, 7, 'ADLT', NULL),
(131, 17, 3, 'ADLT', NULL),
(132, 17, 7, 'ADLT', NULL),
(133, 18, 1, 'ADLT', NULL),
(134, 19, 5, 'ADLT', NULL),
(135, 19, 1, 'ADLT', NULL),
(136, 20, 1, 'ADLT', NULL),
(137, 20, 5, 'ADLT', NULL),
(138, 21, 1, 'ADLT', NULL),
(139, 21, 5, 'ADLT', NULL),
(140, 22, 2, 'ADLT', NULL),
(141, 22, 6, 'ADLT', NULL),
(142, 23, 3, 'ADLT', NULL),
(143, 23, 7, 'ADLT', NULL),
(144, 1, 2, 'PLYR', 5),
(145, 1, 6, 'PLYR', 5),
(146, 2, 2, 'PLYR', 6),
(147, 2, 6, 'PLYR', 6),
(148, 3, 2, 'PLYR', 7),
(149, 3, 6, 'PLYR', 7),
(150, 24, 1, 'PLYR', 8),
(151, 25, 7, 'PLYR', 9),
(152, 26, 3, 'PLYR', 9),
(153, 27, 3, 'PLYR', 10),
(154, 28, 2, 'PLYR', 11),
(155, 28, 6, 'PLYR', 12),
(156, 29, 3, 'PLYR', 12),
(157, 30, 2, 'PLYR', 13),
(158, 30, 6, 'PLYR', 14),
(159, 31, 2, 'PLYR', 14),
(160, 31, 6, 'PLYR', 15),
(161, 32, 7, 'PLYR', 15),
(162, 32, 3, 'PLYR', 16),
(163, 33, 3, 'PLYR', 17),
(164, 34, 2, 'PLYR', 18),
(165, 34, 6, 'PLYR', 18),
(166, 35, 1, 'PLYR', 19),
(167, 35, 5, 'PLYR', 19),
(168, 36, 1, 'PLYR', 20),
(169, 36, 5, 'PLYR', 20),
(170, 37, 1, 'PLYR', 21),
(171, 37, 5, 'PLYR', 21),
(172, 38, 1, 'PLYR', 22),
(173, 38, 5, 'PLYR', 22),
(174, 39, 1, 'PLYR', 23),
(175, 40, 1, 'PLYR', 24),
(176, 41, 1, 'PLYR', 25),
(177, 42, 2, 'PLYR', 26),
(178, 42, 6, 'PLYR', 26),
(179, 43, 7, 'PLYR', 27),
(180, 43, 3, 'PLYR', 27),
(181, 44, 4, 'PLYR', 28),
(182, 44, 8, 'PLYR', 28),
(183, 45, 4, 'PLYR', 29),
(184, 45, 8, 'PLYR', 29),
(185, 46, 4, 'PLYR', 30),
(186, 46, 8, 'PLYR', 30),
(187, 47, 5, 'PLYR', 31),
(188, 47, 1, 'PLYR', 31),
(189, 48, 3, 'PLYR', 32),
(190, 49, 3, 'PLYR', 33),
(191, 50, 3, 'PLYR', 34),
(192, 51, 7, 'PLYR', 35),
(193, 51, 3, 'PLYR', 35),
(194, 52, 3, 'PLYR', 36),
(195, 52, 7, 'PLYR', 36),
(196, 53, 3, 'PLYR', 37),
(197, 53, 7, 'PLYR', 37);

-- --------------------------------------------------------

--
-- Table structure for table `RoleCode`
--

CREATE TABLE IF NOT EXISTS `RoleCode` (
  `RoleCode` char(10) NOT NULL,
  `RoleName` varchar(10) DEFAULT NULL,
  PRIMARY KEY (`RoleCode`)
) ENGINE=MyISAM DEFAULT CHARSET=latin1;

--
-- Dumping data for table `RoleCode`
--

INSERT INTO `RoleCode` (`RoleCode`, `RoleName`) VALUES
('ADLT', 'Adult'),
('RFRE', 'Referee'),
('PLYR', 'Player');

-- --------------------------------------------------------

--
-- Table structure for table `Season`
--

CREATE TABLE IF NOT EXISTS `Season` (
  `SeasonID` int(11) NOT NULL AUTO_INCREMENT,
  `Year` int(11) NOT NULL,
  PRIMARY KEY (`SeasonID`)
) ENGINE=MyISAM AUTO_INCREMENT=11 DEFAULT CHARSET=latin1;

--
-- Dumping data for table `Season`
--

INSERT INTO `Season` (`SeasonID`, `Year`) VALUES
(1, 2006),
(2, 2007),
(3, 2008),
(4, 2009),
(5, 2010),
(6, 2016),
(7, 2020),
(8, 2021),
(9, 2019),
(10, 2018);

-- --------------------------------------------------------

--
-- Table structure for table `SendOff`
--

CREATE TABLE IF NOT EXISTS `SendOff` (
  `SendOffCode` varchar(5) NOT NULL,
  `SendOffName` varchar(36) DEFAULT NULL,
  PRIMARY KEY (`SendOffCode`)
) ENGINE=MyISAM DEFAULT CHARSET=latin1;

--
-- Dumping data for table `SendOff`
--

INSERT INTO `SendOff` (`SendOffCode`, `SendOffName`) VALUES
('e1', 'Serious Foul Play'),
('e2', 'Violent Conduct'),
('e3', 'Spitting At'),
('e4', 'Denying OGSO - Handling'),
('e5', 'Denying OGSO - Foul'),
('e6', 'Insulting or Abusive Language'),
('e7', 'Second Caution');

-- --------------------------------------------------------

--
-- Table structure for table `State`
--

CREATE TABLE IF NOT EXISTS `State` (
  `StateCode` varchar(3) NOT NULL,
  `StateName` varchar(36) DEFAULT NULL,
  PRIMARY KEY (`StateCode`)
) ENGINE=MyISAM DEFAULT CHARSET=latin1;

--
-- Dumping data for table `State`
--

INSERT INTO `State` (`StateCode`, `StateName`) VALUES
('WA', 'Washington'),
('MN', 'Minnesota'),
('OR', 'Oregon'),
('MI', 'Michigan'),
('ND', 'North Dakota'),
('WI', 'Wisconsin'),
('IA', 'Iowa'),
('SD', 'South Dakota');

-- --------------------------------------------------------

--
-- Table structure for table `Team`
--

CREATE TABLE IF NOT EXISTS `Team` (
  `TeamID` int(11) NOT NULL AUTO_INCREMENT,
  `TeamCode` varchar(10) NOT NULL,
  `DistrictID` int(11) NOT NULL,
  `SeasonID` int(11) NOT NULL,
  `TeamName` varchar(36) NOT NULL,
  PRIMARY KEY (`TeamID`)
) ENGINE=MyISAM AUTO_INCREMENT=50 DEFAULT CHARSET=latin1;

--
-- Dumping data for table `Team`
--

INSERT INTO `Team` (`TeamID`, `TeamCode`, `DistrictID`, `SeasonID`, `TeamName`) VALUES
(1, 'Lzr Rkts', 2, 2, 'Laser Rockets'),
(2, 'Wldcts', 2, 2, 'Wildcats'),
(3, 'Brs', 6, 2, 'Bears'),
(4, 'Rks', 6, 2, 'Rockies'),
(5, 'Lzr Rkts', 2, 3, 'Laser Rockets'),
(6, 'Wldcts', 2, 3, 'Wildcats'),
(7, 'Brs', 6, 2, 'Bears'),
(8, 'Rks', 6, 3, 'Rockies'),
(9, 'Lzr Rkts', 2, 1, 'Laser Rockets'),
(10, 'Wldcts', 2, 1, 'Wildcats'),
(11, 'Brs', 6, 1, 'Bears'),
(12, 'Rks', 6, 1, 'Rockies'),
(13, 'Lzr Rkts', 2, 4, 'Laser Rockets'),
(14, 'Wldcts', 2, 4, 'Wildcats'),
(15, 'Brs', 6, 4, 'Bears'),
(16, 'Rks', 6, 4, 'Rockies'),
(17, 'Lzr Rkts', 2, 5, 'Laser Rockets'),
(18, 'Wldcts', 2, 5, 'Wildcats'),
(19, 'Brs', 6, 5, 'Bears'),
(20, 'Rks', 6, 5, 'Rockies'),
(21, 'Lzr Rkts', 2, 6, 'Laser Rockets'),
(22, 'Wldcts', 2, 6, 'Wildcats'),
(23, 'Brs', 6, 6, 'Bears'),
(24, 'Rks', 6, 6, 'Rockies'),
(25, 'Lzr Rkts', 2, 7, 'Laser Rockets'),
(26, 'Wldcts', 2, 7, 'Wildcats'),
(27, 'Brs', 6, 7, 'Bears'),
(28, 'Rks', 6, 7, 'Rockies'),
(29, 'Lzr Rkts', 2, 8, 'Laser Rockets'),
(30, 'Wldcts', 2, 8, 'Wildcats'),
(31, 'Brs', 6, 8, 'Bears'),
(32, 'Rks', 6, 8, 'Rockies'),
(33, 'Lzr Rkts', 2, 9, 'Laser Rockets'),
(34, 'Wldcts', 2, 9, 'Wildcats'),
(35, 'Brs', 6, 9, 'Bears'),
(36, 'Rks', 6, 9, 'Rockies'),
(37, 'Lzr Rkts', 2, 10, 'Laser Rockets'),
(38, 'Wldcts', 2, 10, 'Wildcats'),
(39, 'Brs', 6, 10, 'Bears'),
(40, 'Rks', 6, 10, 'Rockies'),
(41, 'Brs', 5, 7, 'Bears'),
(42, 'Brs', 5, 7, 'Bears'),
(43, 'Wldcts', 5, 8, 'Wildcats'),
(44, 'Lzr Rkts', 7, 8, 'Laser Rockets'),
(45, 'Brs', 5, 9, 'Bears'),
(46, 'Rks', 4, 8, 'Rockies'),
(47, 'Rks', 3, 9, 'Rockies'),
(48, 'Lzr Rkts', 1, 10, 'Laser Rockets'),
(49, 'Brs', 8, 10, 'Bears');
COMMIT;

/*!40101 SET CHARACTER_SET_CLIENT=@OLD_CHARACTER_SET_CLIENT */;
/*!40101 SET CHARACTER_SET_RESULTS=@OLD_CHARACTER_SET_RESULTS */;
/*!40101 SET COLLATION_CONNECTION=@OLD_COLLATION_CONNECTION */;
